Distance,Year,Color,MotorState,ChassisState,Guarantee,GearboxModel,PaymentMode,Price
۵۰٬۰۰۰,1398,سفید,سالم,سالم و پلمپ,سالم و بی‌خط و خش,۳ ماه,دنده‌ای,نقدی
۲۵۰٬۰۰۰,1389,مشکی,سالم,ضربه‌خورده,سالم و پلمپ,دوررنگ,۷ ماه,دنده‌ای
۱۸۹٬۰۰۰,1392,سفید,سالم,رنگ‌شده,دوررنگ,۶ ماه,دنده‌ای,نقدی
۱۳۰٬۰۰۰,1391,نقره‌ای,سالم,سالم و پلمپ,رنگ‌شدگی,۱۲ ماه,دنده‌ای,نقدی
۱۰۰٬۰۰۰,1385,مشکی,سالم,صافکاری بی‌رنگ,۷ ماه,دنده‌ای,نقدی,۷۵٬۰۰۰٬۰۰۰ تومان
۱۶۰٬۰۰۰,2012,مشکی,سالم,سالم و پلمپ,سالم و بی‌خط و خش,۹ ماه,اتوماتیک,نقدی
۱۳۰٬۰۰۰,2016,سفید صدفی,سالم,سالم و پلمپ,سالم و بی‌خط و خش,۸ ماه,اتوماتیک,"نقدی, قابل معاوضه"
۲۰۰٬۰۰۰,1389,سفید,سالم,ضربه‌خورده,دوررنگ,۴ ماه,دنده‌ای,نقدی
۹۰۰,1400,سفید,سالم,سالم و پلمپ,سالم و بی‌خط و خش,۱۰ ماه,اتوماتیک,نقدی
۳۹۰٬۰۰۰,1385,خاکستری,سالم,سالم و پلمپ,خط و خش جزیی,۵ ماه,دنده‌ای,نقدی
۲۳۰٬۰۰۰,2009,بژ,سالم,سالم و پلمپ,سالم و بی‌خط و خش,۸ ماه,اتوماتیک,"نقدی, قابل معاوضه"
۲۹٬۰۰۰,1400,سفید,سالم,سالم و پلمپ,سالم و بی‌خط و خش,۱۱ ماه,دنده‌ای,نقدی
۴۲٬۰۰۰,1400,دلفینی,سالم,سالم و پلمپ,سالم و بی‌خط و خش,۵ ماه,دنده‌ای,نقدی
۲۶٬۰۰۰,1397,خاکستری,سالم,سالم و پلمپ,سالم و بی‌خط و خش,۵ ماه,اتوماتیک,نقدی
۳۰۰٬۰۰۰,1384,نوک‌مدادی,سالم,سالم و پلمپ,رنگ‌شدگی,۸ ماه,دنده‌ای,نقدی
۲۰۰٬۰۰۰,1387,خاکستری,سالم,سالم و پلمپ,رنگ‌شدگی,۱۲ ماه,اتوماتیک,نقدی
۱۷۰٬۰۰۰,1393,آبی,سالم,رنگ‌شدگی,۴ ماه,دنده‌ای,نقدی,۳۰۰٬۰۰۰٬۰۰۰ تومان
۱۲٬۳۴۵,1389,زرد,تعویض شده,سالم و پلمپ,خط و خش جزیی,۴ ماه,دنده‌ای,نقدی
۳۰۰٬۰۰۰,1386,خاکستری,سالم,خط و خش جزیی,۵ ماه,دنده‌ای,نقدی,۱۵۳٬۰۰۰٬۰۰۰ تومان
۲۳۵٬۰۰۰,2008,بژ,سالم,سالم و پلمپ,سالم و بی‌خط و خش,۸ ماه,اتوماتیک,"نقدی, قابل معاوضه"
۱۴۰٬۰۰۰,2013,سفید صدفی,سالم,سالم و پلمپ,سالم و بی‌خط و خش,۷ ماه,اتوماتیک,نقدی
۰,1401,سفید,سالم,سالم و پلمپ,سالم و بی‌خط و خش,۱۲ ماه,دنده‌ای,نقدی
۴۶٬۳۵۰,1389,نقره‌ای,سالم,سالم و پلمپ,خط و خش جزیی,۴ ماه,دنده‌ای,نقدی
۱۷۰٬۰۰۰,1391,خاکستری,سالم,سالم و پلمپ,خط و خش جزیی,۵ ماه,دنده‌ای,نقدی
۸۴٬۰۰۰,1396,سفید,سالم,رنگ‌شدگی,۴ ماه,دنده‌ای,"نقدی, قابل معاوضه",برای معاوضه
۲۲۰٬۰۰۰,1383,مشکی,سالم,سالم و پلمپ,سالم و بی‌خط و خش,۱۲ ماه,دنده‌ای,نقدی
۳۲۰٬۰۰۰,1387,سفید,سالم,سالم و پلمپ,رنگ‌شدگی,۹ ماه,دنده‌ای,نقدی
۱۴۲٬۰۰۰,2013,مشکی,سالم,سالم و پلمپ,سالم و بی‌خط و خش,۹ ماه,اتوماتیک,نقدی
۳۰۰٬۰۰۰,1378,سفید صدفی,سالم,خط و خش جزیی,۸ ماه,دنده‌ای,نقدی,۴۵٬۰۰۰٬۰۰۰ تومان
۶۶٬۰۰۰,1397,سفید صدفی,سالم,سالم و پلمپ,دوررنگ,۱۱ ماه,دنده‌ای,نقدی
۵۰٬۰۰۰,1395,مشکی,سالم,سالم و پلمپ,سالم و بی‌خط و خش,۶ ماه,اتوماتیک,نقدی
۲۷۹٬۰۰۰,1993,آبی,سالم,ضربه‌خورده,سالم و پلمپ,دوررنگ,۸ ماه,دنده‌ای
۹۰٬۰۰۰,1395,مشکی,سالم,رنگ‌شدگی,۵ ماه,اتوماتیک,نقدی,توافقی
۱۱۱٬۰۰۰,1396,سفید,سالم,سالم و پلمپ,سالم و بی‌خط و خش,۴ ماه,اتوماتیک,نقدی
۱۴۰٬۰۰۰,2015,مشکی,سالم,سالم و پلمپ,سالم و بی‌خط و خش,۹ ماه,اتوماتیک,نقدی
۱۰۵٬۰۰۰,2016,مشکی,سالم,سالم و پلمپ,سالم و بی‌خط و خش,۴ ماه,اتوماتیک,نقدی
۲۴۰٬۰۰۰,1384,سرمه‌ای,سالم,سالم و پلمپ,رنگ‌شدگی، در ۲ ناحیه,۱۲ ماه,دنده‌ای,نقدی
۱٬۲۰۰,1400,سفید,سالم,سالم و پلمپ,سالم و بی‌خط و خش,۵ ماه,دنده‌ای,نقدی
۵۳٬۸۰۰,1397,سفید,سالم,سالم و پلمپ,سالم و بی‌خط و خش,۶ ماه,اتوماتیک,نقدی
۹۶٬۰۰۰,1397,سفید,سالم,سالم و پلمپ,سالم و بی‌خط و خش,۴ ماه,دنده‌ای,نقدی
۰,1401,زرد,سالم,سالم و پلمپ,سالم و بی‌خط و خش,۱۱ ماه,دنده‌ای,"نقدی, قابل معاوضه"
۳۷٬۰۰۰,1398,سفید,سالم,سالم و پلمپ,سالم و بی‌خط و خش,۶ ماه,دنده‌ای,نقدی
۱۸۰٬۰۰۰,2011,آبی,سالم,سالم و پلمپ,سالم و بی‌خط و خش,۱۰ ماه,دنده‌ای,نقدی
۱۳۰٬۰۰۰,1397,سفید,سالم,سالم و پلمپ,سالم و بی‌خط و خش,۱ ماه,دنده‌ای,نقدی
۹۰٬۰۰۰,1398,مشکی,سالم,سالم و پلمپ,سالم و بی‌خط و خش,۳ ماه,دنده‌ای,نقدی
۶۰٬۰۰۰,1395,سفید,سالم,سالم و پلمپ,سالم و بی‌خط و خش,۴ ماه,دنده‌ای,نقدی
۲٬۶۰۰,1400,سفید,سالم,سالم و پلمپ,سالم و بی‌خط و خش,دنده‌ای,نقدی,۲۸۶٬۰۰۰٬۰۰۰ تومان
۸۷٬۰۰۰,2014,سفید صدفی,سالم,سالم و پلمپ,خط و خش جزیی,۱۲ ماه,اتوماتیک,نقدی
۳۰٬۰۰۰,1399,سفید,سالم,سالم و پلمپ,سالم و بی‌خط و خش,۲ ماه,دنده‌ای,نقدی
۱۹٬۰۰۰,1399,سفید,سالم,سالم و پلمپ,سالم و بی‌خط و خش,۳ ماه,دنده‌ای,نقدی
۶۶٬۰۰۰,1398,سفید,سالم,ضربه‌خورده,سالم و پلمپ,سالم و بی‌خط و خش,۱ ماه,دنده‌ای
۴۰۰٬۰۰۰,1386,سفید,سالم,سالم و پلمپ,دوررنگ,۳ ماه,دنده‌ای,نقدی و قسطی
۴۵٬۰۰۰,2017,سفید صدفی,سالم,سالم و پلمپ,سالم و بی‌خط و خش,۶ ماه,اتوماتیک,نقدی
۱۶۵٬۰۰۰,1396,آبی,سالم,ضربه‌خورده,دوررنگ,۶ ماه,دنده‌ای,نقدی
۲۴۳٬۰۰۰,2011,سفید,سالم,سالم و پلمپ,سالم و بی‌خط و خش,۶ ماه,اتوماتیک,توافقی
۱۱٬۵۰۰,1397,سفید,سالم,سالم و بی‌خط و خش,۶ ماه,اتوماتیک,نقدی,۱٬۲۶۰٬۰۰۰٬۰۰۰ تومان
۳۴۰٬۰۰۰,1391,سفید,سالم,ضربه‌خورده,سالم و پلمپ,خط و خش جزیی,۱۲ ماه,دنده‌ای
۱۰۷٬۰۰۰,2014,مسی,سالم,سالم و پلمپ,سالم و بی‌خط و خش,۱ ماه,اتوماتیک,نقدی
۱۰٬۰۰۰,1400,سفید,سالم,سالم و پلمپ,سالم و بی‌خط و خش,۱۰ ماه,اتوماتیک,نقدی
۳۰۶٬۵۴۳,1384,نقره‌ای,سالم,سالم و پلمپ,رنگ‌شدگی,۱ ماه,دنده‌ای,نقدی
۷۰٬۰۰۰,1395,سفید,سالم,سالم و پلمپ,سالم و بی‌خط و خش,۳ ماه,اتوماتیک,نقدی
۰,1401,سفید,سالم,سالم و پلمپ,سالم و بی‌خط و خش,۱۲ ماه,اتوماتیک,نقدی و قسطی
۵۸٬۰۰۰,1397,سفید,سالم,سالم و پلمپ,سالم و بی‌خط و خش,دنده‌ای,نقدی,۱۴۵٬۰۰۰٬۰۰۰ تومان
۰,1401,مشکی,سالم,سالم و پلمپ,سالم و بی‌خط و خش,۱۲ ماه,اتوماتیک,قسطی
۵۵٬۰۰۰,1390,سفید صدفی,سالم,سالم و پلمپ,سالم و بی‌خط و خش,۹ ماه,دنده‌ای,نقدی
۲۳۰٬۰۰۰,1393,سفید,سالم,سالم و پلمپ,خط و خش جزیی,۱ ماه,دنده‌ای,نقدی
۱۵۵٬۰۰۰,1396,سفید,سالم,سالم و پلمپ,خط و خش جزیی,۹ ماه,دنده‌ای,نقدی
۱۳۸٬۰۰۰,1397,سفید,سالم,سالم و پلمپ,خط و خش جزیی,۸ ماه,دنده‌ای,نقدی
۲۲٬۵۰۰,1400,خاکستری,سالم,سالم و پلمپ,سالم و بی‌خط و خش,۱۲ ماه,دنده‌ای,نقدی
۱۶۷٬۰۰۰,1393,سفید,سالم,سالم و پلمپ,سالم و بی‌خط و خش,۶ ماه,دنده‌ای,برای معاوضه
۰,1400,سفید,سالم,سالم و پلمپ,سالم و بی‌خط و خش,اتوماتیک,نقدی,غیرقابل نمایش
۲۴۰٬۰۰۰,1389,خاکستری,سالم,سالم و پلمپ,دوررنگ,۷ ماه,دنده‌ای,نقدی
۲۱۰٬۰۰۰,1393,سفید,سالم,ضربه‌خورده,رنگ‌شده,تمام‌رنگ,۱۰ ماه,دنده‌ای
۹۵٬۰۰۰,1396,خاکستری,سالم,سالم و پلمپ,خط و خش جزیی,۱۰ ماه,دنده‌ای,نقدی
۴۶٬۰۰۰,1398,سفید,سالم,سالم و پلمپ,سالم و بی‌خط و خش,۱۲ ماه,اتوماتیک,نقدی
۱۷۰٬۰۰۰,1395,سفید,سالم,سالم و پلمپ,سالم و بی‌خط و خش,۵ ماه,دنده‌ای,نقدی
۱۲۰٬۰۰۰,1395,خاکستری,سالم,سالم و پلمپ,سالم و بی‌خط و خش,۶ ماه,دنده‌ای,نقدی
۲۲٬۰۰۰,1400,سفید صدفی,سالم,سالم و پلمپ,سالم و بی‌خط و خش,۹ ماه,دنده‌ای,نقدی
۹۳٬۰۰۰,1393,سفید,سالم,ضربه‌خورده,سالم و پلمپ,رنگ‌شدگی,۷ ماه,دنده‌ای
۲۰۰٬۰۰۰,1391,سفید,سالم,سالم و پلمپ,رنگ‌شدگی,۸ ماه,دنده‌ای,نقدی
۶۰٬۰۰۰,1397,سفید,سالم,سالم و پلمپ,سالم و بی‌خط و خش,۱۱ ماه,اتوماتیک,نقدی
۱۴۷٬۰۰۰,1392,سفید,سالم,سالم و پلمپ,ضربه‌خورده,رنگ‌شدگی,۱ ماه,دنده‌ای
۸۸٬۰۰۰,1395,خاکستری,سالم,سالم و پلمپ,خط و خش جزیی,۷ ماه,دنده‌ای,نقدی
۲۱۸٬۰۰۰,2009,سفید صدفی,سالم,سالم و پلمپ,خط و خش جزیی,۱۰ ماه,اتوماتیک,نقدی
۱۸۰٬۰۰۰,1390,نقره‌ای,سالم,سالم و پلمپ,خط و خش جزیی,۴ ماه,دنده‌ای,نقدی
۲۵۰٬۰۰۰,1389,نقره‌ای,سالم,سالم و پلمپ,دوررنگ,۷ ماه,دنده‌ای,نقدی
۶۲٬۰۰۰,1397,سفید صدفی,سالم,سالم و پلمپ,سالم و بی‌خط و خش,۴ ماه,اتوماتیک,نقدی
۱۱۰٬۰۰۰,1394,دلفینی,سالم,سالم و پلمپ,رنگ‌شدگی,۶ ماه,دنده‌ای,نقدی
۰,1401,سفید,سالم,سالم و پلمپ,سالم و بی‌خط و خش,۱۲ ماه,دنده‌ای,نقدی
۱۰۴٬۰۰۰,1396,خاکستری,سالم,سالم و پلمپ,سالم و بی‌خط و خش,۱۲ ماه,دنده‌ای,نقدی
۲۳٬۰۰۰,1397,نوک‌مدادی,سالم,سالم و پلمپ,خط و خش جزیی,اتوماتیک,نقدی,۴۵۵٬۰۰۰٬۰۰۰ تومان
۱۴٬۶۰۰,1400,سفید,سالم,سالم و پلمپ,سالم و بی‌خط و خش,۱۱ ماه,دنده‌ای,نقدی
۳۸٬۰۰۰,1400,مشکی,سالم,سالم و پلمپ,ضربه‌خورده,تصادفی,۴ ماه,دنده‌ای
۱۴٬۰۰۰,1397,سفید,سالم,سالم و پلمپ,سالم و بی‌خط و خش,۶ ماه,اتوماتیک,نقدی
۳٬۷۰۰,1400,سفید,سالم,سالم و پلمپ,سالم و بی‌خط و خش,۶ ماه,اتوماتیک,نقدی
۱۵٬۰۰۰,1399,سفید,سالم,سالم و پلمپ,سالم و بی‌خط و خش,۲ ماه,دنده‌ای,نقدی
۶۶٬۰۰۰,1399,سفید,سالم,خط و خش جزیی,۱۲ ماه,دنده‌ای,نقدی,۲۵۰٬۰۰۰٬۰۰۰ تومان
۵۵٬۰۰۰,2017,مشکی,سالم,سالم و پلمپ,سالم و بی‌خط و خش,۱۲ ماه,اتوماتیک,نقدی
۱۵۰٬۰۰۰,1394,سفید,سالم,سالم و پلمپ,دوررنگ,۲ ماه,اتوماتیک,نقدی
۱۲۰٬۰۰۰,2010,مشکی,سالم,سالم و پلمپ,سالم و بی‌خط و خش,۶ ماه,اتوماتیک,نقدی
۳۰٬۰۰۰,1382,سفید صدفی,سالم,سالم و پلمپ,دوررنگ,۶ ماه,دنده‌ای,نقدی
۲۵٬۰۰۰,1400,سفید,سالم,سالم و پلمپ,سالم و بی‌خط و خش,۷ ماه,دنده‌ای,نقدی
۸۸٬۰۰۰,1398,سفید,سالم,سالم و پلمپ,خط و خش جزیی,۱۲ ماه,دنده‌ای,نقدی
۱۴۱٬۰۰۰,2013,مشکی,سالم,سالم و پلمپ,سالم و بی‌خط و خش,۱۲ ماه,اتوماتیک,نقدی
۳۰۰٬۰۰۰,1383,سفید,سالم,سالم و پلمپ,تمام‌رنگ,۶ ماه,دنده‌ای,نقدی
۴۰۰٬۰۰۰,1385,سفید,سالم,سالم و پلمپ,دوررنگ,۵ ماه,دنده‌ای,نقدی
۲۵۵٬۰۰۰,2012,سفید صدفی,سالم,سالم و پلمپ,خط و خش جزیی,۱۱ ماه,اتوماتیک,نقدی
۴۲٬۰۰۰,1398,تیتانیوم,سالم,سالم و پلمپ,سالم و بی‌خط و خش,۸ ماه,اتوماتیک,نقدی
۶۷٬۰۰۰,1396,سفید,سالم,سالم و پلمپ,سالم و بی‌خط و خش,۴ ماه,اتوماتیک,نقدی
۷٬۰۰۰,1401,سفید,سالم,سالم و پلمپ,سالم و بی‌خط و خش,۸ ماه,دنده‌ای,نقدی
۴٬۵۰۰,1399,قهوه‌ای,سالم,سالم و پلمپ,سالم و بی‌خط و خش,۸ ماه,دنده‌ای,۲۱۵٬۰۰۰٬۰۰۰ تومان
۱۰۵٬۰۰۰,1397,سفید,سالم,سالم و پلمپ,صافکاری بی‌رنگ,۵ ماه,اتوماتیک,نقدی
۱۲۸٬۰۰۰,1393,سفید,سالم,سالم و پلمپ,سالم و بی‌خط و خش,۷ ماه,دنده‌ای,نقدی
۲۷۷٬۷۸۰,1381,ذغالی,سالم,رنگ‌شده,تمام‌رنگ,۸ ماه,دنده‌ای,نقدی
۶۹٬۰۰۰,1397,سفید,سالم,ضربه‌خورده,دوررنگ,۶ ماه,اتوماتیک,نقدی
۳۴۰٬۰۰۰,1386,نقره‌ای,سالم,سالم و پلمپ,رنگ‌شدگی,۵ ماه,دنده‌ای,نقدی
۳۲۰٬۰۰۰,1388,مشکی,سالم,سالم و پلمپ,دوررنگ,۵ ماه,دنده‌ای,نقدی
۵۸٬۰۰۰,2016,سفید,سالم,سالم و پلمپ,سالم و بی‌خط و خش,۷ ماه,اتوماتیک,نقدی
۹۰٬۰۰۰,2014,مشکی,سالم,سالم و پلمپ,سالم و بی‌خط و خش,۵ ماه,اتوماتیک,نقدی
۱۱۱٬۰۰۰,1396,سفید,سالم,سالم و پلمپ,سالم و بی‌خط و خش,۱۱ ماه,دنده‌ای,نقدی
۱۷۰٬۰۰۰,1397,سفید,سالم,ضربه‌خورده,سالم و پلمپ,صافکاری بی‌رنگ,۳ ماه,دنده‌ای
۴۷۰٬۰۰۰,1381,قرمز,سالم,سالم و پلمپ,سالم و بی‌خط و خش,۶ ماه,دنده‌ای,نقدی
۱۴۸٬۰۰۰,1392,سفید,سالم,سالم و پلمپ,رنگ‌شدگی,۳ ماه,دنده‌ای,نقدی
۴۷٬۰۰۰,1397,سفید,سالم,سالم و پلمپ,سالم و بی‌خط و خش,۶ ماه,اتوماتیک,نقدی
۱۷۰٬۰۰۰,1395,دلفینی,سالم,سالم و پلمپ,سالم و بی‌خط و خش,۱ ماه,دنده‌ای,نقدی
۱۱۳٬۰۰۰,1390,سفید,سالم,سالم و پلمپ,خط و خش جزیی,۱۲ ماه,دنده‌ای,نقدی
۹۴٬۰۰۰,1396,خاکستری,سالم,سالم و پلمپ,خط و خش جزیی,۳ ماه,دنده‌ای,نقدی
۹٬۰۰۰,1398,آبی,سالم,سالم و پلمپ,سالم و بی‌خط و خش,۶ ماه,دنده‌ای,نقدی
۳۲۵٬۰۰۰,1384,یشمی,سالم,سالم و پلمپ,رنگ‌شدگی، در ۲ ناحیه,۶ ماه,دنده‌ای,نقدی
۲۰۰٬۰۰۰,1387,نقره‌ای,سالم,سالم و پلمپ,رنگ‌شدگی,۵ ماه,دنده‌ای,نقدی
۱۸۰٬۰۰۰,1385,بژ,سالم,سالم و پلمپ,سالم و بی‌خط و خش,۷ ماه,دنده‌ای,نقدی
۳۰٬۰۰۰,1399,سفید,سالم,سالم و پلمپ,سالم و بی‌خط و خش,اتوماتیک,نقدی,۶۴۰٬۰۰۰٬۰۰۰ تومان
۱۲۵٬۰۰۰,1396,سفید,سالم,سالم و پلمپ,سالم و بی‌خط و خش,۱۲ ماه,دنده‌ای,نقدی
۱۲۱٬۰۰۰,1397,سفید,سالم,سالم و پلمپ,خط و خش جزیی,۶ ماه,دنده‌ای,نقدی
۸۳٬۰۰۰,2017,سفید,سالم,سالم و پلمپ,سالم و بی‌خط و خش,۴ ماه,اتوماتیک,نقدی
۶۱٬۰۰۰,1396,سفید,سالم,سالم و پلمپ,سالم و بی‌خط و خش,۱۱ ماه,دنده‌ای,نقدی
۱۰۰٬۰۰۰,1395,نقره‌ای,سالم,سالم و پلمپ,سالم و بی‌خط و خش,۴ ماه,دنده‌ای,نقدی
۷۷٬۰۰۰,1396,مشکی,سالم,سالم و پلمپ,خط و خش جزیی,۱۲ ماه,اتوماتیک,نقدی
۴۵٬۰۰۰,1396,سفید,سالم,سالم و پلمپ,سالم و بی‌خط و خش,۱۰ ماه,اتوماتیک,نقدی
۰,1401,مشکی,سالم,سالم و پلمپ,سالم و بی‌خط و خش,۱۲ ماه,اتوماتیک,قسطی
۲۰۰٬۰۰۰,1993,مشکی,تعویض شده,سالم و پلمپ,تمام‌رنگ,۹ ماه,دنده‌ای,نقدی
۲۹۶٬۰۰۰,1382,سفید,سالم,سالم و پلمپ,خط و خش جزیی,۹ ماه,دنده‌ای,"نقدی, قابل معاوضه"
۱۰۰٬۰۰۰,1395,گیلاسی,سالم,سالم و پلمپ,رنگ‌شدگی,۳ ماه,دنده‌ای,نقدی
۷۸٬۰۰۰,1398,سفید صدفی,سالم,سالم و پلمپ,خط و خش جزیی,اتوماتیک,نقدی,۴۵۵٬۰۰۰٬۰۰۰ تومان
۲۹۰٬۰۰۰,2008,مشکی,سالم,سالم و پلمپ,رنگ‌شدگی، در ۲ ناحیه,۱۲ ماه,اتوماتیک,نقدی
۵۸٬۰۰۰,1396,سفید,سالم,سالم و پلمپ,خط و خش جزیی,۶ ماه,دنده‌ای,نقدی
۸۷٬۰۰۰,1397,مشکی,سالم,سالم و پلمپ,صافکاری بی‌رنگ,۱۲ ماه,اتوماتیک,نقدی
۱۳۰٬۰۰۰,2014,سفید,سالم,سالم و پلمپ,سالم و بی‌خط و خش,۸ ماه,اتوماتیک,نقدی
۷۰٬۰۰۰,1396,خاکستری,سالم,سالم و پلمپ,سالم و بی‌خط و خش,۷ ماه,اتوماتیک,نقدی
۱۳۰٬۰۰۰,1395,خاکستری,سالم,سالم و پلمپ,سالم و بی‌خط و خش,۶ ماه,دنده‌ای,نقدی
۲۶٬۰۰۰,1399,سفید,سالم,سالم و پلمپ,سالم و بی‌خط و خش,۱۲ ماه,اتوماتیک,نقدی
۳۱۲٬۰۰۰,1383,سرمه‌ای,سالم,سالم و پلمپ,رنگ‌شدگی,۶ ماه,دنده‌ای,نقدی
۱۵۵٬۰۰۰,1392,نقره‌ای,سالم,سالم و پلمپ,خط و خش جزیی,۷ ماه,دنده‌ای,نقدی
۱۰۰٬۰۰۰,1398,نقره‌ای,سالم,سالم و پلمپ,سالم و بی‌خط و خش,۱۱ ماه,دنده‌ای,نقدی
۹۰٬۰۰۰,1396,سفید,سالم,سالم و پلمپ,سالم و بی‌خط و خش,۷ ماه,اتوماتیک,نقدی
۰,1401,سفید,سالم,سالم و پلمپ,سالم و بی‌خط و خش,۱۲ ماه,دنده‌ای,نقدی
۲۸۰٬۰۰۰,1381,سفید,سالم,سالم و پلمپ,سالم و بی‌خط و خش,۶ ماه,دنده‌ای,نقدی
۱۴۰٬۰۰۰,1395,خاکستری,سالم,سالم و پلمپ,خط و خش جزیی,۳ ماه,دنده‌ای,نقدی
۱۱۰,1398,سفید,سالم,سالم و پلمپ,خط و خش جزیی,۴ ماه,دنده‌ای,نقدی
۲۰۴٬۳۵۶,1386,مشکی,سالم,سالم و پلمپ,رنگ‌شدگی,۱۲ ماه,دنده‌ای,نقدی
۱۰۷٬۰۰۰,1390,آلبالویی,سالم,سالم و پلمپ,خط و خش جزیی,۱ ماه,دنده‌ای,نقدی
۴۵۰,1401,سفید,سالم,سالم و پلمپ,سالم و بی‌خط و خش,۱۲ ماه,دنده‌ای,نقدی
۵۳٬۰۰۰,1396,سفید,سالم,سالم و پلمپ,سالم و بی‌خط و خش,۵ ماه,اتوماتیک,نقدی
۴۶٬۰۰۰,1399,سفید,سالم,سالم و پلمپ,سالم و بی‌خط و خش,۴ ماه,دنده‌ای,نقدی
۰,1401,مشکی,سالم,سالم و پلمپ,سالم و بی‌خط و خش,۱۲ ماه,اتوماتیک,نقدی
۸۳٬۰۰۰,1396,سفید,سالم,سالم و پلمپ,صافکاری بی‌رنگ,دنده‌ای,نقدی,۲۲۰٬۰۰۰٬۰۰۰ تومان
۱۸۰٬۰۰۰,1391,سفید,سالم,سالم و پلمپ,خط و خش جزیی,۷ ماه,دنده‌ای,نقدی
۸۸٬۰۰۰,1395,قهوه‌ای,سالم,سالم و پلمپ,خط و خش جزیی,۱۲ ماه,اتوماتیک,نقدی
۰,1401,سفید,سالم,سالم و پلمپ,سالم و بی‌خط و خش,۹ ماه,دنده‌ای,نقدی
۰,1401,سفید,سالم,سالم و پلمپ,سالم و بی‌خط و خش,۱۰ ماه,دنده‌ای,نقدی
۳۰۰٬۰۰۰,1381,سفید,سالم,سالم و پلمپ,تمام‌رنگ,دنده‌ای,نقدی,۸۵٬۰۰۰٬۰۰۰ تومان
۹۸٬۰۰۰,1397,سفید,سالم,سالم و پلمپ,خط و خش جزیی,۴ ماه,اتوماتیک,نقدی
۱۱۰٬۰۰۰,1394,سفید,سالم,سالم و پلمپ,خط و خش جزیی,۵ ماه,دنده‌ای,نقدی
۲۴٬۵۰۰,1400,سفید,سالم,سالم و پلمپ,خط و خش جزیی,۶ ماه,دنده‌ای,نقدی
۲۶۵٬۰۰۰,1384,مشکی,سالم,سالم و پلمپ,خط و خش جزیی,۱۱ ماه,دنده‌ای,نقدی
۲۶٬۰۰۰,1397,سفید,سالم,سالم و پلمپ,خط و خش جزیی,۷ ماه,دنده‌ای,نقدی
۱۷۰٬۰۰۰,2010,سفید,سالم,سالم و پلمپ,سالم و بی‌خط و خش,۴ ماه,اتوماتیک,نقدی
۷۵٬۰۰۰,1397,مشکی,سالم,سالم و پلمپ,خط و خش جزیی,۴ ماه,دنده‌ای,نقدی
۱۶٬۰۰۰,1396,نقره‌ای,سالم,سالم و پلمپ,سالم و بی‌خط و خش,۳ ماه,دنده‌ای,نقدی
۱۵۴٬۰۰۰,1386,خاکستری,سالم,سالم و پلمپ,رنگ‌شدگی,۷ ماه,دنده‌ای,نقدی
۶۰٬۰۰۰,1394,سفید,سالم,سالم و بی‌خط و خش,۶ ماه,دنده‌ای,نقدی,توافقی
۹۵٬۰۰۰,1394,نوک‌مدادی,سالم,سالم و پلمپ,سالم و بی‌خط و خش,۱۰ ماه,دنده‌ای,۲۹۰٬۰۰۰٬۰۰۰ تومان
۰,1400,سفید,سالم,سالم و پلمپ,سالم و بی‌خط و خش,۱۲ ماه,اتوماتیک,نقدی
۱۹۰٬۰۰۰,1381,سفید,سالم,سالم و پلمپ,خط و خش جزیی,۱۲ ماه,دنده‌ای,نقدی
۲۳۰٬۰۰۰,1384,بژ,سالم,سالم و پلمپ,رنگ‌شدگی,۶ ماه,دنده‌ای,نقدی
۱۳۲٬۰۰۰,1390,سفید,سالم,سالم و پلمپ,خط و خش جزیی,۳ ماه,دنده‌ای,نقدی
۷۵٬۰۰۰,2012,سفید,سالم,سالم و پلمپ,سالم و بی‌خط و خش,۶ ماه,اتوماتیک,نقدی
۹۲٬۰۰۰,2014,سفید,سالم,سالم و پلمپ,سالم و بی‌خط و خش,۶ ماه,اتوماتیک,نقدی
۷۲٬۰۰۰,1395,سفید,سالم,سالم و پلمپ,خط و خش جزیی,۵ ماه,دنده‌ای,نقدی
۱۷۰٬۰۰۰,1382,قرمز,سالم,سالم و پلمپ,رنگ‌شدگی,۸ ماه,دنده‌ای,نقدی
۰,1401,سفید,سالم,سالم و پلمپ,سالم و بی‌خط و خش,۱۰ ماه,دنده‌ای,نقدی
۹٬۰۰۰,1397,سفید,سالم,سالم و پلمپ,سالم و بی‌خط و خش,۲ ماه,اتوماتیک,نقدی
۳۲۶٬۰۰۰,1392,سفید,سالم,ضربه‌خورده,سالم و پلمپ,رنگ‌شدگی,۱۲ ماه,دنده‌ای
۱۱۶٬۰۰۰,2013,سفید,سالم,سالم و پلمپ,سالم و بی‌خط و خش,۵ ماه,اتوماتیک,نقدی
۹٬۰۰۰,1400,مشکی,سالم,سالم و پلمپ,سالم و بی‌خط و خش,۱۰ ماه,دنده‌ای,۲۷۵٬۰۰۰٬۰۰۰ تومان
۷۵٬۰۰۰,1397,سفید,سالم,سالم و پلمپ,سالم و بی‌خط و خش,۴ ماه,اتوماتیک,نقدی
۳۵٬۰۰۰,1398,مشکی,سالم,سالم و پلمپ,سالم و بی‌خط و خش,۷ ماه,دنده‌ای,نقدی
۳۰۰٬۰۰۰,2010,سفید,سالم,سالم و پلمپ,رنگ‌شدگی، در ۱ ناحیه,۸ ماه,اتوماتیک,نقدی
۶۶٬۰۰۰,2014,آبی,سالم,سالم و پلمپ,سالم و بی‌خط و خش,۶ ماه,اتوماتیک,نقدی
۷۵٬۰۰۰,2016,سفید,سالم,سالم و پلمپ,رنگ‌شدگی,۹ ماه,اتوماتیک,نقدی
۵۹٬۰۰۰,1396,سفید,سالم,سالم و پلمپ,خط و خش جزیی,۷ ماه,دنده‌ای,نقدی
۱۴۴٬۰۰۰,1392,سفید,سالم,سالم و پلمپ,خط و خش جزیی,۱۲ ماه,دنده‌ای,نقدی
۲۰٬۰۰۰,1398,نقره‌ای,سالم,سالم و پلمپ,سالم و بی‌خط و خش,۵ ماه,دنده‌ای,نقدی
۱۱۸٬۰۰۰,1396,سفید,سالم,سالم و پلمپ,رنگ‌شدگی,۱۰ ماه,دنده‌ای,نقدی
۱۱۰٬۰۰۰,1380,سبز,سالم,سالم و پلمپ,سالم و بی‌خط و خش,۶ ماه,دنده‌ای,نقدی
۹٬۰۰۰,1400,سفید,سالم,سالم و پلمپ,سالم و بی‌خط و خش,۱۱ ماه,دنده‌ای,نقدی
۱۷۵٬۰۰۰,1393,سفید,سالم,ضربه‌خورده,سالم و پلمپ,خط و خش جزیی,۶ ماه,دنده‌ای
۲۷۰٬۰۰۰,1394,سفید,سالم,سالم و پلمپ,رنگ‌شده,دوررنگ,۲ ماه,دنده‌ای
۵۵٬۰۰۰,1398,سفید,سالم,سالم و پلمپ,سالم و بی‌خط و خش,۱۰ ماه,دنده‌ای,نقدی
۵٬۰۰۰,2018,سفید,سالم,سالم و پلمپ,سالم و بی‌خط و خش,۱۰ ماه,اتوماتیک,نقدی
۱۶۳٬۰۰۰,1395,سفید,سالم,رنگ‌شدگی,۹ ماه,اتوماتیک,نقدی,۳۸۵٬۰۰۰٬۰۰۰ تومان
۱۷٬۰۰۰,1400,سفید,سالم,سالم و پلمپ,سالم و بی‌خط و خش,۱۲ ماه,اتوماتیک,نقدی
۰,1401,سفید,سالم,سالم و پلمپ,سالم و بی‌خط و خش,۱۲ ماه,دنده‌ای,نقدی
۶۷٬۰۰۰,1397,سفید,سالم,سالم و پلمپ,سالم و بی‌خط و خش,۷ ماه,اتوماتیک,نقدی
۸۵٬۰۰۰,2014,سفید,سالم,سالم و پلمپ,سالم و بی‌خط و خش,۵ ماه,اتوماتیک,نقدی
۳۴۰٬۰۰۰,1389,سفید,سالم,ضربه‌خورده,رنگ‌شدگی,۳ ماه,دنده‌ای,نقدی
۱۸٬۶۰۰,1394,سفید,سالم,سالم و پلمپ,سالم و بی‌خط و خش,۲ ماه,اتوماتیک,نقدی
۲۹٬۰۰۰,1398,آبی,سالم,سالم و پلمپ,خط و خش جزیی,۱۲ ماه,دنده‌ای,نقدی
۱۶۰٬۰۰۰,1394,سفید,سالم,سالم و پلمپ,خط و خش جزیی,۶ ماه,اتوماتیک,نقدی
۸۸٬۰۰۰,1397,سفید,سالم,سالم و پلمپ,خط و خش جزیی,۶ ماه,دنده‌ای,نقدی
۳۲۰٬۰۰۰,1384,مشکی,سالم,سالم و پلمپ,سالم و بی‌خط و خش,۷ ماه,دنده‌ای,نقدی
۷۲٬۰۰۰,1397,سفید,سالم,سالم و پلمپ,خط و خش جزیی,۶ ماه,اتوماتیک,نقدی
۰,1401,سفید,سالم,سالم و پلمپ,سالم و بی‌خط و خش,۱۲ ماه,دنده‌ای,نقدی
۲۴۵٬۰۰۰,1393,نوک‌مدادی,سالم,ضربه‌خورده,سالم و پلمپ,رنگ‌شدگی,۱۲ ماه,دنده‌ای
۴۸٬۰۰۰,2017,خاکستری,سالم,سالم و پلمپ,سالم و بی‌خط و خش,۱۲ ماه,اتوماتیک,نقدی
۵۵٬۰۰۰,1397,خاکستری,سالم,سالم و پلمپ,سالم و بی‌خط و خش,۸ ماه,اتوماتیک,نقدی و قسطی
۱۲۰٬۰۰۰,1395,سفید,سالم,سالم و پلمپ,خط و خش جزیی,۱۱ ماه,اتوماتیک,نقدی
۳۴۰٬۰۰۰,1382,مشکی,سالم,سالم و پلمپ,رنگ‌شدگی,۵ ماه,اتوماتیک,نقدی
۲۰۰٬۰۰۰,2015,سفید صدفی,سالم,سالم و پلمپ,سالم و بی‌خط و خش,۵ ماه,اتوماتیک,نقدی
۷۰٬۰۰۰,1395,مشکی,سالم,سالم و پلمپ,سالم و بی‌خط و خش,۳ ماه,دنده‌ای,نقدی
۱۹۰٬۰۰۰,2010,بادمجانی,سالم,سالم و پلمپ,رنگ‌شدگی,۱۱ ماه,اتوماتیک,نقدی
۶٬۰۰۰,1400,سفید,سالم,سالم و پلمپ,سالم و بی‌خط و خش,دنده‌ای,نقدی,۱۸۶٬۰۰۰٬۰۰۰ تومان
۲۵۰٬۰۰۰,1388,مشکی,سالم,سالم و پلمپ,خط و خش جزیی,۱۲ ماه,دنده‌ای,نقدی
۱۴٬۰۰۰,1398,مشکی,سالم,سالم و پلمپ,سالم و بی‌خط و خش,۱۱ ماه,اتوماتیک,نقدی
۸۸٬۰۰۰,1397,سفید,سالم,سالم و پلمپ,سالم و بی‌خط و خش,۶ ماه,اتوماتیک,نقدی
۱٬۳۵۰,1400,سفید,سالم,سالم و پلمپ,سالم و بی‌خط و خش,۴ ماه,دنده‌ای,برای معاوضه
۱۶۷٬۰۰۰,1393,سفید,سالم,سالم و پلمپ,خط و خش جزیی,۳ ماه,دنده‌ای,نقدی
۳۰۰٬۰۰۰,1386,سفید,سالم,سالم و پلمپ,دوررنگ,۳ ماه,دنده‌ای,نقدی
۱۰۰٬۰۰۰,1386,سفید,سالم,سالم و پلمپ,سالم و بی‌خط و خش,۱۲ ماه,دنده‌ای,نقدی
۲۰۰٬۰۰۰,1385,نقره‌ای,سالم,سالم و پلمپ,تمام‌رنگ,۷ ماه,دنده‌ای,نقدی
۴۴٬۰۰۰,1396,خاکستری,سالم,سالم و بی‌خط و خش,۹ ماه,دنده‌ای,نقدی,۲۴۳٬۰۰۰٬۰۰۰ تومان
۲٬۵۰۰,1400,سفید,سالم,سالم و پلمپ,سالم و بی‌خط و خش,۷ ماه,دنده‌ای,"نقدی, قابل معاوضه"
۴٬۰۰۰,1401,مشکی,سالم,سالم و پلمپ,سالم و بی‌خط و خش,۱۰ ماه,اتوماتیک,نقدی
۱۱٬۰۰۰,1398,سفید,سالم,سالم و پلمپ,سالم و بی‌خط و خش,۵ ماه,دنده‌ای,نقدی
۲۰۰٬۰۰۰,1387,خاکستری,سالم,سالم و پلمپ,سالم و بی‌خط و خش,۸ ماه,دنده‌ای,نقدی
۲۱۱٬۰۰۰,2012,سفید,سالم,سالم و پلمپ,سالم و بی‌خط و خش,۶ ماه,اتوماتیک,۵۰۰٬۰۰۰٬۰۰۰ تومان
۱۰۸٬۰۰۰,2014,سفید,سالم,سالم و پلمپ,رنگ‌شدگی,۶ ماه,اتوماتیک,نقدی
۱۳۵٬۰۰۰,2015,زرد,سالم,سالم و پلمپ,خط و خش جزیی,۱۲ ماه,اتوماتیک,نقدی
۵۰۰٬۰۰۰,1384,مشکی,سالم,ضربه‌خورده,سالم و پلمپ,رنگ‌شدگی,۲ ماه,دنده‌ای
۰,1401,خاکستری,سالم,سالم و پلمپ,سالم و بی‌خط و خش,۹ ماه,اتوماتیک,نقدی
۱۸۰٬۰۰۰,1385,خاکستری,سالم,صافکاری بی‌رنگ,۱۲ ماه,دنده‌ای,نقدی,۱۲۸٬۰۰۰٬۰۰۰ تومان
۹۰٬۰۰۰,1397,سفید,سالم,سالم و پلمپ,خط و خش جزیی,۱۰ ماه,دنده‌ای,نقدی
۴۵٬۰۰۰,1397,سفید,سالم,سالم و پلمپ,سالم و بی‌خط و خش,۶ ماه,اتوماتیک,نقدی
۱۵۸٬۰۰۰,1387,خاکستری,سالم,ضربه‌خورده,سالم و پلمپ,خط و خش جزیی,۱۱ ماه,دنده‌ای
۲۵۰٬۰۰۰,1390,سفید,سالم,سالم و پلمپ,رنگ‌شدگی,۶ ماه,دنده‌ای,نقدی
۱۵۰٬۰۰۰,1396,سفید,سالم,سالم و پلمپ,سالم و بی‌خط و خش,۱۱ ماه,اتوماتیک,نقدی
۱۶۶٬۰۰۰,1395,خاکستری,سالم,سالم و پلمپ,رنگ‌شدگی، در ۱ ناحیه,۱۰ ماه,اتوماتیک,نقدی
۰,1401,مشکی,سالم,سالم و پلمپ,سالم و بی‌خط و خش,۱۲ ماه,دنده‌ای,نقدی
۰,1401,سفید,سالم,سالم و پلمپ,سالم و بی‌خط و خش,۱۲ ماه,دنده‌ای,نقدی
۱۹۹٬۰۰۰,1394,بادمجانی,سالم,ضربه‌خورده,رنگ‌شدگی,۹ ماه,دنده‌ای,نقدی
۲۵۰٬۰۰۰,1388,سفید,سالم,ضربه‌خورده,رنگ‌شده,دوررنگ,۱۲ ماه,دنده‌ای
۱۸۰٬۰۰۰,1393,سفید,سالم,سالم و پلمپ,سالم و بی‌خط و خش,۳ ماه,دنده‌ای,نقدی
۵۲٬۰۰۰,1390,مشکی,سالم,سالم و پلمپ,سالم و بی‌خط و خش,۱۰ ماه,اتوماتیک,نقدی
۱۵۰٬۰۰۰,1989,خاکستری,سالم,سالم و پلمپ,خط و خش جزیی,۷ ماه,دنده‌ای,نقدی
۱۸۰٬۰۰۰,1390,دلفینی,سالم,سالم و پلمپ,دوررنگ,۵ ماه,دنده‌ای,۱۴۹٬۰۰۰٬۰۰۰ تومان
۸۸٬۰۰۰,1397,سفید,سالم,سالم و پلمپ,سالم و بی‌خط و خش,۹ ماه,دنده‌ای,"نقدی, قابل معاوضه"
۳٬۰۰۰,1401,سفید صدفی,سالم,سالم و پلمپ,سالم و بی‌خط و خش,۹ ماه,اتوماتیک,نقدی و قسطی
۲۷٬۸۱۵,1398,سفید,سالم,سالم و پلمپ,سالم و بی‌خط و خش,۱۰ ماه,اتوماتیک,نقدی
۵۰٬۰۰۰,2016,سفید,سالم,سالم و پلمپ,خط و خش جزیی,۶ ماه,اتوماتیک,نقدی
۶۲٬۰۰۰,1398,سفید,سالم,سالم و پلمپ,سالم و بی‌خط و خش,۱۲ ماه,دنده‌ای,نقدی
۱۰۰٬۰۰۰,1381,سرمه‌ای,سالم,ضربه‌خورده,سالم و پلمپ,دوررنگ,۴ ماه,دنده‌ای
۱۰۰٬۰۰۰,1395,نقره‌ای,سالم,سالم و پلمپ,خط و خش جزیی,۹ ماه,دنده‌ای,نقدی
۱۱۶٬۰۰۰,1393,سفید,سالم,سالم و پلمپ,خط و خش جزیی,۱ ماه,دنده‌ای,نقدی
۰,1398,مشکی,سالم,سالم و پلمپ,سالم و بی‌خط و خش,۱۲ ماه,دنده‌ای,نقدی
۱۹۰٬۰۰۰,1389,نوک‌مدادی,سالم,سالم و پلمپ,خط و خش جزیی,۱۱ ماه,دنده‌ای,نقدی
۱۲۵٬۰۰۰,1396,خاکستری,سالم,سالم و پلمپ,خط و خش جزیی,۳ ماه,دنده‌ای,نقدی
۳۰۰٬۰۰۰,1378,سفید,سالم,سالم و پلمپ,خط و خش جزیی,۱۲ ماه,دنده‌ای,نقدی
۲۳٬۰۰۰,1396,سفید,سالم,سالم و پلمپ,سالم و بی‌خط و خش,۴ ماه,اتوماتیک,نقدی
۳۰۰٬۰۰۰,1387,نقره‌ای,سالم,ضربه‌خورده,دوررنگ,۵ ماه,دنده‌ای,"نقدی, قابل معاوضه"
۶۶٬۱۸۴,1380,یشمی,سالم,سالم و پلمپ,تصادفی,دنده‌ای,نقدی,۴۵٬۰۰۰٬۰۰۰ تومان
۱۵۰٬۰۰۰,1392,نوک‌مدادی,سالم,سالم و پلمپ,خط و خش جزیی,۲ ماه,دنده‌ای,نقدی
۷٬۵۰۰,1400,سفید,سالم,سالم و پلمپ,سالم و بی‌خط و خش,۵ ماه,دنده‌ای,نقدی
۱۶۰٬۰۰۰,1389,نقره‌ای,سالم,سالم و پلمپ,دوررنگ,۱۲ ماه,دنده‌ای,نقدی
۲۱۰٬۰۰۰,1388,سفید,سالم,سالم و پلمپ,خط و خش جزیی,۳ ماه,دنده‌ای,نقدی
۵۰٬۰۰۰,1398,سفید,سالم,سالم و پلمپ,رنگ‌شدگی، در ۲ ناحیه,۱۰ ماه,دنده‌ای,نقدی
۹٬۰۰۰,1401,سفید,سالم,سالم و پلمپ,سالم و بی‌خط و خش,۷ ماه,دنده‌ای,نقدی
۶۴٬۰۰۰,1395,سفید,سالم,سالم و پلمپ,سالم و بی‌خط و خش,اتوماتیک,نقدی,۶۹۰٬۰۰۰٬۰۰۰ تومان
۷۵٬۰۰۰,1395,مشکی,سالم,سالم و پلمپ,سالم و بی‌خط و خش,۶ ماه,اتوماتیک,نقدی
۳۳۰٬۰۰۰,1393,زرد,سالم,سالم و پلمپ,خط و خش جزیی,۴ ماه,دنده‌ای,نقدی
۳۸٬۰۰۰,1399,سفید صدفی,سالم,سالم و پلمپ,سالم و بی‌خط و خش,۵ ماه,اتوماتیک,نقدی
۲۲۰٬۰۰۰,1383,نوک‌مدادی,سالم,ضربه‌خورده,سالم و پلمپ,خط و خش جزیی,۳ ماه,دنده‌ای
۹۰٬۰۰۰,1397,سفید,سالم,سالم و پلمپ,سالم و بی‌خط و خش,۱۲ ماه,اتوماتیک,نقدی
۱۱۴٬۵۰۰,1395,مشکی,سالم,سالم و پلمپ,سالم و بی‌خط و خش,۵ ماه,دنده‌ای,نقدی
۱۸۰٬۰۰۰,1393,سفید,سالم,سالم و پلمپ,سالم و بی‌خط و خش,۱۲ ماه,دنده‌ای,نقدی
۱۳۵٬۰۰۰,1396,سفید,سالم,سالم و پلمپ,خط و خش جزیی,۳ ماه,دنده‌ای,نقدی
۸٬۰۰۰,1400,سفید,سالم,سالم و پلمپ,سالم و بی‌خط و خش,۳ ماه,دنده‌ای,نقدی
۲۴۰٬۰۰۰,1394,سفید,سالم,رنگ‌شده,سالم و پلمپ,دوررنگ,۴ ماه,دنده‌ای
۹۶٬۰۰۰,1396,سفید,سالم,سالم و پلمپ,رنگ‌شدگی,۱۰ ماه,اتوماتیک,نقدی
۶۹٬۰۰۰,1397,سفید,سالم,سالم و پلمپ,سالم و بی‌خط و خش,اتوماتیک,نقدی,توافقی
۹۷٬۰۰۰,1389,نقره‌ای,سالم,سالم و پلمپ,سالم و بی‌خط و خش,۱۰ ماه,اتوماتیک,نقدی
۳۰۰٬۰۰۰,1384,نقره‌ای,سالم,سالم و پلمپ,خط و خش جزیی,۱۱ ماه,دنده‌ای,نقدی
۱۱۸٬۰۱۹,1395,سفید,سالم,ضربه‌خورده,صافکاری بی‌رنگ,۹ ماه,دنده‌ای,نقدی
۳۰۰٬۰۰۰,1384,خاکستری,سالم,سالم و پلمپ,دوررنگ,دنده‌ای,نقدی,۱۳۸٬۰۰۰٬۰۰۰ تومان
۲۴٬۰۰۰,1399,مشکی,سالم,سالم و پلمپ,سالم و بی‌خط و خش,۱۰ ماه,اتوماتیک,نقدی
۷۹٬۰۰۰,1396,سفید,سالم,سالم و پلمپ,سالم و بی‌خط و خش,۱۰ ماه,دنده‌ای,نقدی
۸۰٬۰۰۰,1380,سفید,سالم,سالم و پلمپ,خط و خش جزیی,۸ ماه,دنده‌ای,نقدی
۱۲۰٬۰۰۰,1390,مشکی,سالم,سالم و پلمپ,خط و خش جزیی,۴ ماه,اتوماتیک,نقدی
۸۰٬۰۰۰,1396,سفید,سالم,سالم و پلمپ,سالم و بی‌خط و خش,۱۱ ماه,دنده‌ای,نقدی
۴۸۰٬۰۰۰,2016,زرد,سالم,سالم و پلمپ,سالم و بی‌خط و خش,۱۱ ماه,دنده‌ای,نقدی
۱۱۹٬۰۰۰,1396,مشکی,سالم,سالم و پلمپ,رنگ‌شدگی، در ۲ ناحیه,۲ ماه,اتوماتیک,نقدی
۱۴۸٬۰۰۰,1398,سفید,سالم,سالم و پلمپ,سالم و بی‌خط و خش,۸ ماه,دنده‌ای,نقدی
۱۱۳٬۰۰۰,2017,مشکی,سالم,سالم و پلمپ,خط و خش جزیی,۱۲ ماه,اتوماتیک,نقدی
۳۱۲٬۰۰۰,1384,سفید,سالم,سالم و پلمپ,دوررنگ,۱۱ ماه,دنده‌ای,نقدی
۲٬۵۰۰,1401,سفید,سالم,سالم و پلمپ,سالم و بی‌خط و خش,۱۱ ماه,دنده‌ای,نقدی
۱۷۰٬۰۰۰,2009,سفید,سالم,سالم و پلمپ,سالم و بی‌خط و خش,۱۲ ماه,اتوماتیک,نقدی
۳۴۰٬۰۰۰,1384,نوک‌مدادی,سالم,ضربه‌خورده,سالم و پلمپ,رنگ‌شدگی,۵ ماه,دنده‌ای
۶۵٬۰۰۰,1396,سفید,سالم,سالم و پلمپ,سالم و بی‌خط و خش,۱ ماه,دنده‌ای,نقدی
۲۴۰٬۰۰۰,1388,سفید,سالم,سالم و پلمپ,خط و خش جزیی,۳ ماه,دنده‌ای,نقدی
۱۰۶٬۰۰۰,1389,سفید,سالم,رنگ‌شدگی,۹ ماه,دنده‌ای,نقدی,۱۵۷٬۰۰۰٬۰۰۰ تومان
۸۵٬۰۰۰,1398,سفید,سالم,ضربه‌خورده,سالم و پلمپ,خط و خش جزیی,نقدی,۱۴۵٬۰۰۰٬۰۰۰ تومان
۲۴۵٬۰۰۰,1380,بژ,سالم,سالم و پلمپ,دوررنگ,۳ ماه,دنده‌ای,نقدی
۲۰۰٬۰۰۰,1386,نقره‌ای,سالم,رنگ‌شدگی,۵ ماه,اتوماتیک,نقدی و قسطی,۱۶۵٬۰۰۰٬۰۰۰ تومان
۱۶٬۵۰۰,1400,سفید,سالم,سالم و پلمپ,سالم و بی‌خط و خش,۱۰ ماه,دنده‌ای,نقدی
۰,1401,سفید,سالم,سالم و پلمپ,سالم و بی‌خط و خش,۱۰ ماه,اتوماتیک,نقدی
۸۰٬۰۰۰,2011,سفید صدفی,سالم,سالم و پلمپ,خط و خش جزیی,۶ ماه,دنده‌ای,نقدی
۱۳٬۵۰۰,1400,سفید,سالم,سالم و پلمپ,سالم و بی‌خط و خش,۷ ماه,دنده‌ای,نقدی
۹۳٬۰۰۰,2017,سفید,سالم,سالم و پلمپ,رنگ‌شدگی,۱۲ ماه,اتوماتیک,نقدی
۲۱,1401,سفید,سالم,سالم و پلمپ,سالم و بی‌خط و خش,۱۱ ماه,دنده‌ای,نقدی
۶۰٬۰۰۰,1397,سفید,سالم,سالم و پلمپ,رنگ‌شدگی، در ۱ ناحیه,۵ ماه,اتوماتیک,نقدی
۵۴٬۰۰۰,1397,مشکی,سالم,سالم و پلمپ,سالم و بی‌خط و خش,۱۲ ماه,اتوماتیک,نقدی
۳۷٬۰۰۰,1397,سفید,سالم,سالم و پلمپ,سالم و بی‌خط و خش,۴ ماه,اتوماتیک,توافقی
۳۲٬۰۰۰,1399,سفید,سالم,سالم و پلمپ,سالم و بی‌خط و خش,۵ ماه,دنده‌ای,نقدی
۱٬۰۰۰,1401,سفید,سالم,سالم و پلمپ,سالم و بی‌خط و خش,۷ ماه,دنده‌ای,نقدی
۷۴٬۰۰۰,1396,سفید,سالم,سالم و پلمپ,خط و خش جزیی,۶ ماه,دنده‌ای,نقدی
۳۰۰٬۰۰۰,1383,نقره‌ای,سالم,سالم و پلمپ,خط و خش جزیی,۳ ماه,دنده‌ای,نقدی
۱۳۵٬۰۰۰,1395,نقرآبی,سالم,سالم و پلمپ,صافکاری بی‌رنگ,۵ ماه,دنده‌ای,نقدی
۲۸۴٬۰۰۰,1387,نقره‌ای,سالم,ضربه‌خورده,سالم و پلمپ,خط و خش جزیی,۴ ماه,دنده‌ای
۱۰۰٬۰۰۰,1378,خاکستری,سالم,سالم و پلمپ,سالم و بی‌خط و خش,۷ ماه,دنده‌ای,نقدی
۱۳٬۵۰۰,1400,خاکستری,سالم,سالم و پلمپ,سالم و بی‌خط و خش,۸ ماه,دنده‌ای,نقدی
۹۹٬۰۰۰,1392,مشکی,سالم,سالم و پلمپ,سالم و بی‌خط و خش,۱۲ ماه,دنده‌ای,نقدی
۱۷۶٬۰۰۰,1391,سفید,سالم,سالم و پلمپ,رنگ‌شدگی,۶ ماه,دنده‌ای,نقدی
۲۳۸٬۰۰۰,1393,سفید,سالم,سالم و پلمپ,سالم و بی‌خط و خش,۵ ماه,دنده‌ای,نقدی
۳۸۰٬۰۰۰,1383,سفید,سالم,ضربه‌خورده,سالم و پلمپ,دوررنگ,۴ ماه,دنده‌ای
۱۲۶٬۰۰۰,1397,سفید,نیاز به تعمیر,ضربه‌خورده,سالم و پلمپ,تصادفی,۷ ماه,دنده‌ای
۲۸۰٬۰۰۰,1388,سفید,نیاز به تعمیر,سالم و پلمپ,دوررنگ,۵ ماه,دنده‌ای,نقدی
۶۴٬۰۰۰,1397,نوک‌مدادی,سالم,سالم و پلمپ,سالم و بی‌خط و خش,۱۲ ماه,دنده‌ای,نقدی
۳۰٬۰۰۰,1400,سفید,سالم,سالم و پلمپ,سالم و بی‌خط و خش,۶ ماه,دنده‌ای,نقدی
۲۱۸٬۷۶۸,1390,آلبالویی,سالم,سالم و پلمپ,دوررنگ,۱۰ ماه,دنده‌ای,نقدی
۲۴٬۰۰۰,1397,زرد,سالم,سالم و پلمپ,خط و خش جزیی,۳ ماه,دنده‌ای,نقدی
۶٬۰۰۰,1400,سفید,سالم,سالم و پلمپ,سالم و بی‌خط و خش,۱۰ ماه,اتوماتیک,نقدی
۹٬۰۰۰,1400,سفید,سالم,سالم و پلمپ,سالم و بی‌خط و خش,۱۱ ماه,دنده‌ای,نقدی
۱۳۰٬۰۰۰,1394,سفید,سالم,سالم و پلمپ,سالم و بی‌خط و خش,۱۱ ماه,دنده‌ای,"نقدی, قابل معاوضه"
۱۲۰٬۰۰۰,1397,سفید,سالم,سالم و پلمپ,سالم و بی‌خط و خش,۶ ماه,اتوماتیک,نقدی
۱٬۹۸۰,1401,سفید,سالم,سالم و بی‌خط و خش,۸ ماه,دنده‌ای,نقدی,۴۰۰٬۰۰۰٬۰۰۰ تومان
۲۳۲٬۰۰۰,1394,نقرآبی,سالم,سالم و پلمپ,خط و خش جزیی,۱۰ ماه,دنده‌ای,نقدی
۱۳۴٬۰۰۰,1390,سفید,سالم,سالم و پلمپ,سالم و بی‌خط و خش,۱ ماه,دنده‌ای,نقدی
۴۰۰٬۰۰۰,1998,سبز,سالم,سالم و پلمپ,سالم و بی‌خط و خش,۶ ماه,دنده‌ای,نقدی
۴۹٬۰۰۰,2015,سفید,سالم,سالم و پلمپ,سالم و بی‌خط و خش,۸ ماه,اتوماتیک,نقدی
۳۰٬۰۰۰,1398,سفید صدفی,سالم,سالم و پلمپ,سالم و بی‌خط و خش,۴ ماه,دنده‌ای,نقدی
۸۰٬۰۰۰,2014,سفید صدفی,سالم,سالم و پلمپ,خط و خش جزیی,۳ ماه,اتوماتیک,نقدی
۳۲٬۰۰۰,1399,سفید,سالم,سالم و پلمپ,سالم و بی‌خط و خش,۷ ماه,دنده‌ای,نقدی
۱۲۰٬۰۰۰,1397,سفید,سالم,ضربه‌خورده,سالم و پلمپ,خط و خش جزیی,۱۲ ماه,دنده‌ای
۱۲۷٬۰۰۰,1394,سفید,سالم,سالم و پلمپ,سالم و بی‌خط و خش,۶ ماه,اتوماتیک,نقدی
۲۴۰٬۰۰۰,1386,سفید,سالم,سالم و پلمپ,خط و خش جزیی,۶ ماه,دنده‌ای,نقدی
۳۰٬۰۰۰,1399,سفید,سالم,سالم و پلمپ,رنگ‌شدگی,۲ ماه,دنده‌ای,نقدی
۰,1401,سفید,سالم,سالم و پلمپ,سالم و بی‌خط و خش,۱۰ ماه,دنده‌ای,نقدی
۶۴٬۰۰۰,1398,سفید,سالم,سالم و پلمپ,خط و خش جزیی,۶ ماه,دنده‌ای,نقدی
۲۰۰٬۰۰۰,1389,مشکی,سالم,سالم و پلمپ,دوررنگ,۹ ماه,اتوماتیک,نقدی
۴۹٬۰۰۰,2016,قرمز,سالم,سالم و پلمپ,صافکاری بی‌رنگ,۷ ماه,اتوماتیک,نقدی
۱۳۵٬۰۰۰,2012,سفید صدفی,سالم,سالم و پلمپ,سالم و بی‌خط و خش,۱۰ ماه,اتوماتیک,نقدی
۲۸۵٬۰۰۰,1386,نوک‌مدادی,سالم,سالم و پلمپ,رنگ‌شدگی,۳ ماه,دنده‌ای,نقدی
۹۶٬۰۰۰,1396,سفید,سالم,سالم و پلمپ,سالم و بی‌خط و خش,۱ ماه,دنده‌ای,نقدی
۱۰۶٬۰۰۰,1391,نقره‌ای,سالم,سالم و پلمپ,دوررنگ,۶ ماه,دنده‌ای,نقدی
۴۱٬۶۰۰,1399,سفید,سالم,سالم و پلمپ,سالم و بی‌خط و خش,۱۲ ماه,دنده‌ای,نقدی
۳۵۰٬۰۰۰,1388,قهوه‌ای,سالم,سالم و پلمپ,دوررنگ,۹ ماه,دنده‌ای,نقدی
۱۵۰٬۰۰۰,2009,سفید,سالم,سالم و پلمپ,سالم و بی‌خط و خش,۱۲ ماه,اتوماتیک,نقدی
۱۳۷٬۰۰۰,1394,سفید,سالم,سالم و پلمپ,صافکاری بی‌رنگ,۶ ماه,دنده‌ای,نقدی
۱۹۰٬۰۰۰,1381,نقره‌ای,سالم,سالم و پلمپ,خط و خش جزیی,۳ ماه,دنده‌ای,نقدی
۱۸۷٬۰۰۰,1383,بژ,سالم,سالم و پلمپ,رنگ‌شدگی,۱۱ ماه,دنده‌ای,نقدی
۱۹۱٬۰۰۰,2009,سفید صدفی,سالم,سالم و پلمپ,سالم و بی‌خط و خش,۱۲ ماه,اتوماتیک,نقدی
۲۴,1399,سفید,سالم,سالم و پلمپ,سالم و بی‌خط و خش,۳ ماه,دنده‌ای,نقدی
۳۰٬۰۰۰,1399,سفید,سالم,سالم و پلمپ,سالم و بی‌خط و خش,۶ ماه,دنده‌ای,نقدی
۳۰۰٬۰۰۰,1386,نقره‌ای,سالم,سالم و پلمپ,خط و خش جزیی,۱۱ ماه,دنده‌ای,نقدی
۲۰٬۰۰۰,1400,سفید,سالم,سالم و پلمپ,سالم و بی‌خط و خش,۶ ماه,دنده‌ای,نقدی
۴۰۰٬۰۰۰,1997,سفید,سالم,سالم و پلمپ,خط و خش جزیی,۱ ماه,دنده‌ای,نقدی
۲۴٬۰۰۰,1399,خاکستری,سالم,سالم و پلمپ,صافکاری بی‌رنگ,۱۲ ماه,دنده‌ای,نقدی
۳۱٬۰۰۰,1399,سفید,سالم,سالم و پلمپ,سالم و بی‌خط و خش,۸ ماه,اتوماتیک,نقدی
۲۴۰٬۰۰۰,1390,سرمه‌ای,سالم,سالم و پلمپ,خط و خش جزیی,۲ ماه,دنده‌ای,نقدی
۶۰٬۰۰۰,1398,سفید,سالم,سالم و پلمپ,سالم و بی‌خط و خش,۵ ماه,اتوماتیک,نقدی
۱۳۲٬۰۰۰,1390,سفید,سالم,سالم و پلمپ,سالم و بی‌خط و خش,۸ ماه,اتوماتیک,نقدی
۵۷٬۰۰۰,1398,سفید,سالم,سالم و پلمپ,رنگ‌شدگی,۱۱ ماه,دنده‌ای,نقدی
۴۰٬۰۰۰,1398,سفید صدفی,سالم,سالم و پلمپ,سالم و بی‌خط و خش,۱۲ ماه,دنده‌ای,نقدی
۳۰٬۰۰۰,1400,سفید,سالم,سالم و پلمپ,خط و خش جزیی,۱۲ ماه,دنده‌ای,نقدی
۶۰٬۰۰۰,2017,قرمز,سالم,سالم و پلمپ,سالم و بی‌خط و خش,۶ ماه,اتوماتیک,نقدی
۱۸۰٬۰۰۰,1393,سفید,سالم,سالم و پلمپ,دوررنگ,۴ ماه,دنده‌ای,نقدی
۲۳٬۰۰۰,1397,نوک‌مدادی,سالم,سالم و پلمپ,خط و خش جزیی,۱۰ ماه,دنده‌ای,نقدی
۳۵٬۰۰۰,1397,سفید,سالم,سالم و پلمپ,سالم و بی‌خط و خش,۴ ماه,اتوماتیک,نقدی
۲۵۰٬۰۰۰,1387,سفید,سالم,سالم و پلمپ,سالم و بی‌خط و خش,۵ ماه,دنده‌ای,نقدی
۹۰٬۰۰۰,1399,سفید صدفی,سالم,ضربه‌خورده,سالم و پلمپ,خط و خش جزیی,۱ ماه,دنده‌ای
۹۲٬۵۰۰,1396,سفید,سالم,سالم و پلمپ,صافکاری بی‌رنگ,۱۱ ماه,دنده‌ای,نقدی
۴۵۰٬۰۰۰,1383,طوسی,سالم,سالم و پلمپ,دوررنگ,۴ ماه,دنده‌ای,نقدی
۶۴٬۰۰۰,1395,سفید,سالم,سالم و پلمپ,سالم و بی‌خط و خش,۷ ماه,دنده‌ای,نقدی
۱۰۴٬۰۰۰,1393,مشکی,سالم,سالم و پلمپ,خط و خش جزیی,۵ ماه,دنده‌ای,نقدی
۳۵۰٬۰۰۰,1392,مشکی,سالم,سالم و پلمپ,خط و خش جزیی,۲ ماه,دنده‌ای,"نقدی, قابل معاوضه"
۴۵٬۰۰۰,1397,سفید,سالم,سالم و پلمپ,سالم و بی‌خط و خش,۷ ماه,اتوماتیک,نقدی
۰,1401,سفید,سالم,سالم و پلمپ,سالم و بی‌خط و خش,۱۲ ماه,اتوماتیک,نقدی
۶۴٬۰۰۰,2016,سفید,سالم,سالم و پلمپ,سالم و بی‌خط و خش,۹ ماه,اتوماتیک,نقدی
۳۷۰٬۰۰۰,1388,نوک‌مدادی,سالم,ضربه‌خورده,دوررنگ,۴ ماه,دنده‌ای,نقدی
۸۲٬۰۰۰,2017,مشکی,سالم,سالم و پلمپ,سالم و بی‌خط و خش,۲ ماه,اتوماتیک,نقدی
۱۶٬۰۰۰,1397,مشکی,سالم,سالم و پلمپ,سالم و بی‌خط و خش,۱۱ ماه,اتوماتیک,نقدی
۱۱۰٬۰۰۰,1397,سفید,سالم,سالم و پلمپ,خط و خش جزیی,۱۱ ماه,دنده‌ای,نقدی
۲۵۰٬۰۰۰,1379,نوک‌مدادی,سالم,سالم و پلمپ,خط و خش جزیی,۵ ماه,دنده‌ای,نقدی
۱۳٬۰۰۰,1398,سفید,سالم,سالم و پلمپ,سالم و بی‌خط و خش,۱۲ ماه,دنده‌ای,نقدی
۳۴۰٬۰۰۰,1385,نقره‌ای,سالم,سالم و پلمپ,خط و خش جزیی,۱۰ ماه,دنده‌ای,نقدی
۰,1401,مشکی,سالم,سالم و پلمپ,سالم و بی‌خط و خش,۱۲ ماه,اتوماتیک,نقدی
۱۲۰٬۰۰۰,2017,سفید,سالم,سالم و پلمپ,سالم و بی‌خط و خش,۹ ماه,اتوماتیک,نقدی
۴۵٬۰۰۰,1396,سفید,سالم,سالم و پلمپ,خط و خش جزیی,۷ ماه,اتوماتیک,نقدی
۱۰۷٬۰۰۰,1396,سفید,سالم,سالم و پلمپ,سالم و بی‌خط و خش,۴ ماه,دنده‌ای,نقدی
۰,1401,سفید,سالم,سالم و پلمپ,سالم و بی‌خط و خش,۱۲ ماه,دنده‌ای,نقدی
۱۲۱٬۰۰۰,1382,نقره‌ای,سالم,سالم و پلمپ,سالم و بی‌خط و خش,۲ ماه,دنده‌ای,نقدی
۰,1401,مشکی,سالم,سالم و بی‌خط و خش,۱۲ ماه,اتوماتیک,نقدی و قسطی,۸۹۰٬۰۰۰٬۰۰۰ تومان
۰,1401,سفید,سالم,سالم و بی‌خط و خش,۱۲ ماه,اتوماتیک,نقدی و قسطی,۵۵۰٬۰۰۰٬۰۰۰ تومان
۷۷٬۰۰۰,1395,سفید,سالم,سالم و پلمپ,خط و خش جزیی,۱ ماه,دنده‌ای,۱۳۶٬۰۰۰٬۰۰۰ تومان
۰,1401,مشکی,سالم,سالم و بی‌خط و خش,۱۲ ماه,اتوماتیک,نقدی و قسطی,۳۰۰٬۰۰۰٬۰۰۰ تومان
۰,1401,مشکی,سالم,سالم و پلمپ,سالم و بی‌خط و خش,۱۲ ماه,اتوماتیک,نقدی و قسطی
۶۳٬۰۰۰,2016,سفید صدفی,سالم,سالم و پلمپ,سالم و بی‌خط و خش,۱۲ ماه,اتوماتیک,نقدی
۰,1401,سفید,سالم,سالم و پلمپ,سالم و بی‌خط و خش,۱۲ ماه,اتوماتیک,نقدی
۱۴۰٬۰۰۰,2014,سفید,سالم,سالم و پلمپ,سالم و بی‌خط و خش,۱۱ ماه,اتوماتیک,نقدی
۶۹٬۰۰۰,1398,سفید,سالم,سالم و پلمپ,سالم و بی‌خط و خش,دنده‌ای,نقدی,توافقی
۱۷۵٬۰۰۰,1391,سفید,سالم,سالم و پلمپ,خط و خش جزیی,۶ ماه,دنده‌ای,نقدی
۱۶۰٬۰۰۰,1381,بژ,سالم,سالم و پلمپ,خط و خش جزیی,۱۲ ماه,دنده‌ای,نقدی
۱۱۵٬۰۰۰,1396,سفید,سالم,سالم و پلمپ,خط و خش جزیی,۶ ماه,دنده‌ای,نقدی
۲۲۸٬۰۰۰,1393,آبی,سالم,سالم و پلمپ,رنگ‌شدگی,۳ ماه,دنده‌ای,نقدی
۱۶۰٬۰۰۰,1396,سفید,سالم,سالم و پلمپ,سالم و بی‌خط و خش,۱۱ ماه,دنده‌ای,نقدی
۱۵٬۰۰۰,1400,سفید,سالم,سالم و پلمپ,سالم و بی‌خط و خش,۴ ماه,دنده‌ای,نقدی
۱۰٬۰۰۰,1379,سفید,سالم,سالم و پلمپ,دوررنگ,۱۲ ماه,دنده‌ای,نقدی
۲۷٬۵۰۰,1400,سفید,سالم,سالم و پلمپ,خط و خش جزیی,۱ ماه,دنده‌ای,نقدی
۱۳۰٬۰۰۰,1394,آبی,سالم,سالم و پلمپ,سالم و بی‌خط و خش,۱۱ ماه,دنده‌ای,۲۴۳٬۰۰۰٬۰۰۰ تومان
۴۰۰٬۰۰۰,1389,زرد,سالم,سالم و پلمپ,خط و خش جزیی,۵ ماه,دنده‌ای,نقدی
۱۵٬۰۰۰,2006,آبی,سالم,ضربه‌خورده,تصادفی,۲ ماه,دنده‌ای,نقدی
۰,1401,مشکی,سالم,سالم و پلمپ,سالم و بی‌خط و خش,۱۲ ماه,اتوماتیک,نقدی
۱۷۰٬۰۰۰,1394,سفید,سالم,سالم و پلمپ,سالم و بی‌خط و خش,۱۲ ماه,اتوماتیک,نقدی
۸۰,1401,سفید,سالم,سالم و پلمپ,سالم و بی‌خط و خش,۱۱ ماه,دنده‌ای,نقدی
۳۶۵٬۲۴۸,1396,سفید,سالم,سالم و پلمپ,خط و خش جزیی,۶ ماه,دنده‌ای,نقدی
۰,1401,سفید,سالم,سالم و پلمپ,سالم و بی‌خط و خش,۱۲ ماه,دنده‌ای,نقدی و قسطی
۵۳٬۰۰۰,1396,سفید,سالم,سالم و پلمپ,سالم و بی‌خط و خش,۶ ماه,اتوماتیک,نقدی
۳۰٬۰۰۰,1386,سفید,سالم,ضربه‌خورده,سالم و پلمپ,خط و خش جزیی,۱ ماه,دنده‌ای
۲۱۰٬۰۰۰,1383,نقره‌ای,سالم,سالم و پلمپ,خط و خش جزیی,دنده‌ای,نقدی,۱۱۰٬۰۰۰٬۰۰۰ تومان
۲۶۰٬۰۰۰,1391,نوک‌مدادی,سالم,سالم و پلمپ,رنگ‌شدگی,۸ ماه,دنده‌ای,نقدی
۱۱۲٬۰۰۰,1397,مشکی,سالم,سالم و پلمپ,سالم و بی‌خط و خش,۳ ماه,اتوماتیک,نقدی و قسطی
۱۸۰٬۰۰۰,1392,سفید,سالم,سالم و پلمپ,سالم و بی‌خط و خش,۴ ماه,دنده‌ای,نقدی
۱۹٬۱۰۰,1399,سفید,سالم,سالم و پلمپ,سالم و بی‌خط و خش,۳ ماه,دنده‌ای,نقدی
۲۸۰٬۰۰۰,1394,سفید,سالم,سالم و پلمپ,صافکاری بی‌رنگ,۷ ماه,دنده‌ای,نقدی
۳۰۰٬۰۰۰,1384,دلفینی,سالم,رنگ‌شده,ضربه‌خورده,دوررنگ,۱۰ ماه,دنده‌ای
۱۸۰٬۰۰۰,1394,سفید,سالم,سالم و پلمپ,خط و خش جزیی,۴ ماه,دنده‌ای,نقدی
۸۶٬۰۰۰,1396,سفید,سالم,سالم و پلمپ,سالم و بی‌خط و خش,۱۰ ماه,اتوماتیک,نقدی
۶٬۵۰۰,1400,سفید,سالم,سالم و پلمپ,سالم و بی‌خط و خش,۱۱ ماه,اتوماتیک,نقدی
۱۴۸٬۰۰۰,1396,سفید صدفی,سالم,سالم و پلمپ,خط و خش جزیی,۱۰ ماه,دنده‌ای,۱۵۸٬۰۰۰٬۰۰۰ تومان
۱۵۶٬۰۰۰,1394,خاکستری,سالم,سالم و پلمپ,خط و خش جزیی,۱۰ ماه,دنده‌ای,نقدی
۱۱۳٬۰۰۰,1396,سفید,سالم,سالم و پلمپ,خط و خش جزیی,۱ ماه,دنده‌ای,نقدی
۱۹۸٬۰۰۰,1391,سفید,سالم,سالم و پلمپ,سالم و بی‌خط و خش,۷ ماه,دنده‌ای,نقدی
۲۱۹٬۰۰۰,1388,نوک‌مدادی,سالم,سالم و پلمپ,رنگ‌شدگی,۳ ماه,دنده‌ای,نقدی
۴۴٬۰۰۰,1396,خاکستری,سالم,سالم و پلمپ,سالم و بی‌خط و خش,۷ ماه,اتوماتیک,نقدی
۱۹٬۰۰۰,1400,سفید صدفی,سالم,سالم و پلمپ,سالم و بی‌خط و خش,۸ ماه,اتوماتیک,نقدی
۲٬۷۰۰,1379,یشمی,سالم,سالم و پلمپ,دوررنگ,۱۲ ماه,دنده‌ای,نقدی
۲۵۰٬۰۰۰,2007,مشکی,سالم,سالم و پلمپ,رنگ‌شدگی,۵ ماه,اتوماتیک,نقدی
۱۰۰٬۰۰۰,1398,سفید,سالم,سالم و پلمپ,سالم و بی‌خط و خش,۵ ماه,دنده‌ای,نقدی
۳۸٬۰۰۰,1397,سفید,سالم,سالم و پلمپ,خط و خش جزیی,۷ ماه,دنده‌ای,نقدی
۱۵۰٬۰۰۰,1394,خاکستری,سالم,سالم و پلمپ,خط و خش جزیی,۱۰ ماه,دنده‌ای,نقدی
۲۶۰٬۰۰۰,1386,خاکستری,سالم,سالم و پلمپ,رنگ‌شدگی، در ۲ ناحیه,۴ ماه,دنده‌ای,نقدی
۱۱۵٬۰۰۰,1395,سفید,سالم,سالم و پلمپ,سالم و بی‌خط و خش,۶ ماه,دنده‌ای,نقدی
۲۷۰٬۰۰۰,1391,سفید,سالم,سالم و پلمپ,خط و خش جزیی,۹ ماه,دنده‌ای,نقدی
۱٬۱۰۰,1401,سفید,سالم,سالم و پلمپ,سالم و بی‌خط و خش,۱۱ ماه,دنده‌ای,نقدی
۱۸۰٬۰۰۰,1384,نقره‌ای,سالم,سالم و پلمپ,خط و خش جزیی,۳ ماه,دنده‌ای,نقدی
۴۰۰٬۰۰۰,1385,سفید,سالم,سالم و پلمپ,خط و خش جزیی,۱۰ ماه,دنده‌ای,نقدی
۲۰۰٬۰۰۰,1993,سفید,سالم,سالم و پلمپ,سالم و بی‌خط و خش,۵ ماه,دنده‌ای,نقدی
۸۶٬۰۰۰,1395,سفید,سالم,سالم و پلمپ,سالم و بی‌خط و خش,۷ ماه,دنده‌ای,نقدی
۶۴٬۰۰۰,1395,سفید,سالم,سالم و پلمپ,سالم و بی‌خط و خش,۳ ماه,اتوماتیک,نقدی
۱۷۰٬۰۰۰,1393,خاکستری,سالم,سالم و پلمپ,خط و خش جزیی,۱۲ ماه,نقدی,۱۸۲٬۰۰۰٬۰۰۰ تومان
۲۰۰٬۰۰۰,2010,سفید,سالم,سالم و پلمپ,خط و خش جزیی,۱۲ ماه,اتوماتیک,نقدی
۹۵٬۰۰۰,1397,مشکی,سالم,سالم و پلمپ,سالم و بی‌خط و خش,۵ ماه,اتوماتیک,نقدی
۱۹٬۰۰۰,1399,خاکستری,سالم,سالم و پلمپ,سالم و بی‌خط و خش,۱۲ ماه,اتوماتیک,نقدی
۰,1401,سفید,سالم,سالم و پلمپ,سالم و بی‌خط و خش,۱۱ ماه,دنده‌ای,نقدی
۲۷۲٬۰۰۰,2007,سفید,سالم,سالم و پلمپ,خط و خش جزیی,۷ ماه,اتوماتیک,نقدی
۲۴۰٬۰۰۰,1380,آبی,سالم,سالم و پلمپ,خط و خش جزیی,۱۱ ماه,دنده‌ای,نقدی
۱۵۰٬۰۰۰,1390,سفید,سالم,سالم و پلمپ,سالم و بی‌خط و خش,۱۲ ماه,اتوماتیک,نقدی
۴۰۰٬۰۰۰,1383,مشکی,سالم,دوررنگ,۱۱ ماه,دنده‌ای,نقدی,۵۲٬۰۰۰٬۰۰۰ تومان
۲۶۴٬۰۰۰,1389,نقره‌ای,سالم,سالم و پلمپ,خط و خش جزیی,۸ ماه,دنده‌ای,نقدی
۲۲۷٬۰۰۰,1389,سفید,سالم,سالم و پلمپ,رنگ‌شدگی,۱۰ ماه,اتوماتیک,نقدی
۵۰۰٬۰۰۰,1400,سفید,سالم,ضربه‌خورده,سالم و پلمپ,سالم و بی‌خط و خش,۹ ماه,دنده‌ای
۳۰٬۰۰۰,1383,سرمه‌ای,سالم,سالم و پلمپ,خط و خش جزیی,۱۲ ماه,دنده‌ای,نقدی
۰,1401,سفید,سالم,سالم و پلمپ,سالم و بی‌خط و خش,۱۲ ماه,دنده‌ای,نقدی
۲۰۰٬۰۰۰,2005,دلفینی,سالم,سالم و پلمپ,سالم و بی‌خط و خش,۸ ماه,اتوماتیک,نقدی
۳۶۰٬۰۰۰,1389,زرد,سالم,سالم و پلمپ,خط و خش جزیی,۸ ماه,دنده‌ای,نقدی
۸۰٬۰۰۰,1398,سفید,سالم,سالم و پلمپ,رنگ‌شدگی,۶ ماه,دنده‌ای,نقدی
۱۲۸٬۰۰۰,1394,آبی,سالم,سالم و پلمپ,سالم و بی‌خط و خش,۳ ماه,دنده‌ای,نقدی
۲۹٬۵۰۰,1400,سفید,سالم,سالم و پلمپ,سالم و بی‌خط و خش,۷ ماه,دنده‌ای,نقدی
۵۸٬۰۰۰,1397,مشکی,سالم,سالم و پلمپ,سالم و بی‌خط و خش,۱۰ ماه,اتوماتیک,نقدی
۲۸۵٬۰۰۰,1382,نوک‌مدادی,سالم,سالم و پلمپ,رنگ‌شدگی,۱۰ ماه,دنده‌ای,نقدی
۱۲٬۰۰۰,1399,سفید,سالم,سالم و پلمپ,سالم و بی‌خط و خش,۸ ماه,دنده‌ای,نقدی
۳۳٬۰۰۰,1398,سفید,سالم,سالم و پلمپ,رنگ‌شدگی,۲ ماه,دنده‌ای,نقدی
۲۰۰٬۰۰۰,1997,سفید,سالم,سالم و پلمپ,رنگ‌شدگی,۴ ماه,دنده‌ای,نقدی
۸۹٬۰۰۰,1394,سفید,سالم,سالم و پلمپ,سالم و بی‌خط و خش,۴ ماه,دنده‌ای,نقدی
۵۶٬۰۰۰,1395,سفید,سالم,سالم و پلمپ,خط و خش جزیی,۵ ماه,اتوماتیک,نقدی
۱۶۵٬۰۰۰,1393,بادمجانی,سالم,سالم و پلمپ,خط و خش جزیی,۱۰ ماه,دنده‌ای,نقدی
۲۱۵٬۰۰۰,1393,سفید,سالم,سالم و پلمپ,صافکاری بی‌رنگ,۷ ماه,دنده‌ای,نقدی
۱۳۰٬۰۰۰,1396,سفید,سالم,سالم و پلمپ,سالم و بی‌خط و خش,۵ ماه,دنده‌ای,نقدی
۹۰٬۰۰۰,2015,سفید صدفی,سالم,سالم و پلمپ,سالم و بی‌خط و خش,۱۲ ماه,اتوماتیک,نقدی
۵۲٬۰۰۰,1396,سفید,سالم,سالم و پلمپ,سالم و بی‌خط و خش,۸ ماه,دنده‌ای,نقدی
۲۸٬۰۰۰,1399,سفید,سالم,سالم و پلمپ,سالم و بی‌خط و خش,۵ ماه,دنده‌ای,نقدی
۳۳۰٬۰۰۰,1385,نوک‌مدادی,سالم,سالم و پلمپ,خط و خش جزیی,۱۲ ماه,دنده‌ای,نقدی
۱۳٬۰۰۰,1400,نقره‌ای,سالم,سالم و پلمپ,سالم و بی‌خط و خش,۱ ماه,دنده‌ای,نقدی
۵۴٬۰۰۰,1397,سفید,سالم,سالم و پلمپ,سالم و بی‌خط و خش,۱۲ ماه,دنده‌ای,نقدی
۹٬۰۰۰,2017,سفید,سالم,سالم و پلمپ,سالم و بی‌خط و خش,۶ ماه,اتوماتیک,نقدی
۲۹۷٬۰۰۰,1384,اطلسی,سالم,ضربه‌خورده,سالم و پلمپ,دوررنگ,۴ ماه,دنده‌ای
۱۰۵٬۰۰۰,1396,سفید,سالم,سالم و پلمپ,سالم و بی‌خط و خش,۹ ماه,دنده‌ای,نقدی
۱۳۰٬۰۰۰,1392,نوک‌مدادی,سالم,سالم و پلمپ,خط و خش جزیی,۱۰ ماه,دنده‌ای,نقدی
۱۵٬۰۰۰,1400,سفید,سالم,سالم و پلمپ,سالم و بی‌خط و خش,۱۲ ماه,دنده‌ای,نقدی
۵۲٬۵۰۰,1399,سفید,سالم,سالم و پلمپ,خط و خش جزیی,۴ ماه,دنده‌ای,نقدی
۳۰۹٬۰۰۰,1386,خاکستری,سالم,سالم و پلمپ,دوررنگ,۶ ماه,دنده‌ای,نقدی
۱۱٬۴۰۰,1393,نقرآبی,سالم,سالم و پلمپ,خط و خش جزیی,۱۲ ماه,دنده‌ای,نقدی
۴۰٬۰۰۰,1399,سفید,سالم,صافکاری بی‌رنگ,۴ ماه,دنده‌ای,نقدی,۱۷۲٬۰۰۰٬۰۰۰ تومان
۱۰۷٬۰۰۰,2017,سرمه‌ای,سالم,سالم و پلمپ,خط و خش جزیی,۱۱ ماه,اتوماتیک,نقدی
۳۲٬۰۰۰,1400,مشکی,سالم,سالم و پلمپ,سالم و بی‌خط و خش,۱۲ ماه,دنده‌ای,نقدی
۱٬۴۰۰,1398,سفید,سالم,سالم و پلمپ,خط و خش جزیی,۲ ماه,دنده‌ای,نقدی
۶۵٬۶۰۰,1392,نقره‌ای,سالم,سالم و پلمپ,خط و خش جزیی,۹ ماه,دنده‌ای,نقدی
۲۲۸٬۰۰۰,1392,نقره‌ای,سالم,سالم و پلمپ,خط و خش جزیی,۲ ماه,دنده‌ای,نقدی
۷۲٬۰۰۰,1398,سفید,سالم,سالم و پلمپ,خط و خش جزیی,۱۰ ماه,دنده‌ای,نقدی
۱۳٬۰۰۰,1400,سفید,سالم,سالم و پلمپ,سالم و بی‌خط و خش,۲ ماه,دنده‌ای,نقدی
۱۶۵٬۰۰۰,2013,سفید,سالم,سالم و پلمپ,سالم و بی‌خط و خش,۸ ماه,اتوماتیک,نقدی
۰,1401,سفید,سالم,سالم و پلمپ,سالم و بی‌خط و خش,۱۱ ماه,اتوماتیک,نقدی
۰,1400,آبی,سالم,سالم و پلمپ,سالم و بی‌خط و خش,۱۱ ماه,دنده‌ای,نقدی
۳۲۰٬۰۰۰,2003,سفید,سالم,سالم و پلمپ,خط و خش جزیی,۳ ماه,دنده‌ای,نقدی
۰,1401,سفید,سالم,سالم و پلمپ,سالم و بی‌خط و خش,۱۲ ماه,دنده‌ای,نقدی
۱۱۴٬۰۰۰,1397,سفید,سالم,سالم و پلمپ,رنگ‌شدگی,۵ ماه,دنده‌ای,نقدی
۹۱٬۰۰۰,1394,سفید,سالم,سالم و پلمپ,خط و خش جزیی,۱۰ ماه,دنده‌ای,نقدی
۱۰۲٬۰۰۰,1395,آبی,سالم,سالم و پلمپ,رنگ‌شدگی,اتوماتیک,نقدی,۴۱۵٬۰۰۰٬۰۰۰ تومان
۰,1401,سفید,سالم,سالم و پلمپ,سالم و بی‌خط و خش,۱۲ ماه,دنده‌ای,نقدی و قسطی
۲۹۰٬۰۰۰,1391,آبی,سالم,سالم و پلمپ,رنگ‌شدگی,۷ ماه,دنده‌ای,نقدی
۹۷٬۰۰۰,1397,سفید,سالم,سالم و پلمپ,خط و خش جزیی,۱۲ ماه,دنده‌ای,نقدی
۱۳۳٬۰۰۰,2012,سفید,سالم,سالم و پلمپ,سالم و بی‌خط و خش,۱۲ ماه,اتوماتیک,نقدی
۷۰٬۰۰۰,2016,مشکی,سالم,سالم و پلمپ,سالم و بی‌خط و خش,۵ ماه,اتوماتیک,نقدی
۸۰٬۰۰۰,1396,خاکستری,سالم,سالم و پلمپ,خط و خش جزیی,۷ ماه,دنده‌ای,نقدی
۶۲٬۰۰۰,1395,خاکستری,سالم,سالم و پلمپ,سالم و بی‌خط و خش,۵ ماه,دنده‌ای,نقدی
۱۸۸٬۰۰۰,2008,قرمز,سالم,سالم و پلمپ,دوررنگ,۱۱ ماه,اتوماتیک,نقدی
۱۰٬۰۰۰,1397,مسی,سالم,سالم و پلمپ,سالم و بی‌خط و خش,۳ ماه,اتوماتیک,نقدی
۲۸۰٬۰۰۰,1382,سبز,سالم,ضربه‌خورده,سالم و پلمپ,خط و خش جزیی,۶ ماه,دنده‌ای
۱۳۷٬۰۰۰,1396,سفید,سالم,سالم و پلمپ,ضربه‌خورده,رنگ‌شدگی، در ۱ ناحیه,۹ ماه,دنده‌ای
۱۸٬۰۰۰,2018,سفید,سالم,سالم و پلمپ,سالم و بی‌خط و خش,۵ ماه,اتوماتیک,نقدی
۱۱۰٬۰۰۰,1393,سفید,سالم,سالم و پلمپ,سالم و بی‌خط و خش,۳ ماه,دنده‌ای,۱۸۵٬۰۰۰٬۰۰۰ تومان
۰,1401,سفید,سالم,سالم و پلمپ,سالم و بی‌خط و خش,۱۲ ماه,اتوماتیک,نقدی و قسطی
۲۵۰٬۰۰۰,2006,نقره‌ای,سالم,سالم و پلمپ,دوررنگ,۴ ماه,دنده‌ای,نقدی
۰,1401,سفید صدفی,سالم,سالم و پلمپ,سالم و بی‌خط و خش,۱۱ ماه,اتوماتیک,نقدی
۳۴۰٬۰۰۰,1388,سفید,سالم,سالم و پلمپ,دوررنگ,۲ ماه,دنده‌ای,نقدی
۱٬۰۰۰,1401,سفید,سالم,سالم و پلمپ,سالم و بی‌خط و خش,۱۲ ماه,دنده‌ای,نقدی
۱,1401,سفید,سالم,سالم و پلمپ,سالم و بی‌خط و خش,۱۲ ماه,اتوماتیک,نقدی
۴۹٬۰۰۰,1397,خاکستری,سالم,سالم و پلمپ,صافکاری بی‌رنگ,۱۱ ماه,اتوماتیک,نقدی
۱۲۵٬۰۰۰,1395,آبی,سالم,ضربه‌خورده,سالم و پلمپ,خط و خش جزیی,۶ ماه,دنده‌ای
۱۴۴٬۰۰۰,1395,سفید,سالم,سالم و پلمپ,سالم و بی‌خط و خش,۱۲ ماه,دنده‌ای,نقدی
۲۰۰,1400,سفید,سالم,سالم و پلمپ,سالم و بی‌خط و خش,۱۲ ماه,دنده‌ای,نقدی
۶۸,1400,سفید,سالم,سالم و پلمپ,سالم و بی‌خط و خش,۷ ماه,دنده‌ای,نقدی
۳۳۰٬۰۰۰,1385,نوک‌مدادی,سالم,سالم و پلمپ,خط و خش جزیی,۱۲ ماه,دنده‌ای,نقدی
۳۵٬۰۰۰,2017,مشکی,سالم,سالم و پلمپ,سالم و بی‌خط و خش,۶ ماه,اتوماتیک,نقدی
۰,1401,خاکستری,سالم,سالم و پلمپ,سالم و بی‌خط و خش,۱۲ ماه,دنده‌ای,نقدی
۶۲٬۰۰۰,1395,سفید,سالم,سالم و پلمپ,سالم و بی‌خط و خش,۱۰ ماه,اتوماتیک,نقدی
۰,1401,سفید,سالم,سالم و پلمپ,سالم و بی‌خط و خش,۱۲ ماه,دنده‌ای,نقدی
۵۵٬۵۰۰,1398,سفید,سالم,سالم و پلمپ,رنگ‌شدگی,۱ ماه,دنده‌ای,نقدی
۶۸٬۰۰۰,1396,نوک‌مدادی,سالم,سالم و پلمپ,خط و خش جزیی,۶ ماه,دنده‌ای,نقدی
۱۰۰٬۰۰۰,2015,سفید,سالم,سالم و پلمپ,سالم و بی‌خط و خش,۸ ماه,اتوماتیک,نقدی
۱۶۰٬۰۰۰,1393,سفید,سالم,سالم و پلمپ,رنگ‌شدگی,۷ ماه,دنده‌ای,نقدی
۰,1401,سفید,سالم,سالم و پلمپ,سالم و بی‌خط و خش,۱۲ ماه,اتوماتیک,نقدی
۱۲۷٬۰۰۰,1386,نقره‌ای,سالم,سالم و پلمپ,رنگ‌شدگی,۳ ماه,دنده‌ای,نقدی
۱۷۳٬۰۰۰,1389,مشکی,سالم,سالم و پلمپ,خط و خش جزیی,۳ ماه,دنده‌ای,نقدی
۲۴۰٬۰۰۰,1387,بژ,سالم,سالم و پلمپ,سالم و بی‌خط و خش,۱۱ ماه,دنده‌ای,نقدی
۶٬۰۰۰,1399,سفید,سالم,سالم و پلمپ,سالم و بی‌خط و خش,۱۲ ماه,دنده‌ای,نقدی
۱۳۶٬۰۰۰,1389,سفید,سالم,سالم و پلمپ,خط و خش جزیی,۳ ماه,دنده‌ای,"نقدی, قابل معاوضه"
۹۷٬۰۰۰,1390,سفید,سالم,سالم و پلمپ,رنگ‌شدگی,۳ ماه,دنده‌ای,نقدی
۲۴۰٬۰۰۰,1383,نقره‌ای,سالم,سالم و پلمپ,تمام‌رنگ,۴ ماه,اتوماتیک,"نقدی و قسطی, قابل معاوضه"
۲۴٬۰۰۰,1400,سفید,سالم,سالم و پلمپ,سالم و بی‌خط و خش,۹ ماه,دنده‌ای,نقدی
۱۹۰٬۰۰۰,1381,یشمی,سالم,سالم و پلمپ,خط و خش جزیی,دنده‌ای,نقدی,۵۰٬۰۰۰٬۰۰۰ تومان
۲۴۳٬۰۰۰,1390,سفید,سالم,خط و خش جزیی,۴ ماه,دنده‌ای,نقدی,۱۵۸٬۰۰۰٬۰۰۰ تومان
۲۵۰٬۰۰۰,1381,ذغالی,سالم,رنگ‌شده,سالم و پلمپ,تصادفی,دنده‌ای,نقدی
۳۰۰٬۰۰۰,1388,نقره‌ای,سالم,سالم و پلمپ,ضربه‌خورده,خط و خش جزیی,۵ ماه,دنده‌ای
۷۵٬۰۰۰,1388,سفید,سالم,سالم و پلمپ,سالم و بی‌خط و خش,۱۰ ماه,اتوماتیک,نقدی
۱۹۰٬۰۰۰,2007,خاکستری,سالم,سالم و پلمپ,رنگ‌شدگی,۶ ماه,اتوماتیک,نقدی
۸۸٬۰۰۰,2015,سفید,سالم,سالم و پلمپ,رنگ‌شدگی,۱۰ ماه,اتوماتیک,نقدی
۰,1400,مشکی,سالم,سالم و پلمپ,سالم و بی‌خط و خش,۱۲ ماه,دنده‌ای,نقدی
۱۹۱٬۰۰۰,1393,سفید,سالم,سالم و پلمپ,خط و خش جزیی,۵ ماه,دنده‌ای,نقدی
۵۷٬۰۰۰,1397,سفید,سالم,سالم و پلمپ,سالم و بی‌خط و خش,اتوماتیک,نقدی,۷۷۵٬۰۰۰٬۰۰۰ تومان
۴۰۰٬۰۰۰,1993,سفید,نیاز به تعمیر,رنگ‌شده,تمام‌رنگ,۲ ماه,دنده‌ای,نقدی
۷۹٬۰۰۰,1391,سرمه‌ای,سالم,سالم و پلمپ,خط و خش جزیی,۱ ماه,دنده‌ای,نقدی
۰,1401,سفید,سالم,سالم و پلمپ,سالم و بی‌خط و خش,۹ ماه,دنده‌ای,نقدی
۱۶۰٬۰۰۰,1391,خاکستری,سالم,سالم و پلمپ,ضربه‌خورده,سالم و بی‌خط و خش,۱۲ ماه,اتوماتیک
۱۱٬۰۰۰,1400,خاکستری,سالم,سالم و پلمپ,سالم و بی‌خط و خش,۱۱ ماه,دنده‌ای,نقدی
۲۵۰٬۰۰۰,1391,بنفش,سالم,سالم و پلمپ,رنگ‌شدگی,۳ ماه,دنده‌ای,نقدی
۳۶٬۵۰۰,1397,نوک‌مدادی,سالم,سالم و پلمپ,سالم و بی‌خط و خش,۱۱ ماه,دنده‌ای,نقدی
۱۰۰٬۰۰۰,1385,خاکستری,سالم,سالم و پلمپ,سالم و بی‌خط و خش,۹ ماه,دنده‌ای,نقدی
۳۲۰٬۰۰۰,1385,سفید,سالم,ضربه‌خورده,سالم و پلمپ,دوررنگ,۹ ماه,دنده‌ای
۲۱۹٬۰۰۰,1390,مشکی,سالم,سالم و پلمپ,سالم و بی‌خط و خش,۵ ماه,دنده‌ای,نقدی
۶۰٬۰۰۰,1397,سفید,سالم,سالم و پلمپ,سالم و بی‌خط و خش,۷ ماه,اتوماتیک,نقدی
۶۸٬۰۰۰,1396,سفید,سالم,سالم و پلمپ,سالم و بی‌خط و خش,۱ ماه,دنده‌ای,نقدی
۱۵٬۰۰۰,1399,سفید,سالم,سالم و پلمپ,سالم و بی‌خط و خش,۱۲ ماه,دنده‌ای,نقدی
۴۳٬۰۰۰,2014,سفید,سالم,سالم و پلمپ,سالم و بی‌خط و خش,۴ ماه,اتوماتیک,نقدی
۴۵۰٬۰۰۰,1384,یشمی,سالم,سالم و پلمپ,صافکاری بی‌رنگ,۱۲ ماه,دنده‌ای,نقدی
۴۹٬۰۰۰,1398,اطلسی,سالم,سالم و پلمپ,رنگ‌شدگی,۱۲ ماه,دنده‌ای,نقدی
۱۶٬۰۰۰,2017,مشکی,سالم,سالم و پلمپ,سالم و بی‌خط و خش,۴ ماه,دنده‌ای,نقدی
۱۳٬۰۰۰,1400,مشکی,سالم,سالم و پلمپ,سالم و بی‌خط و خش,۱۰ ماه,اتوماتیک,نقدی
۱۲٬۰۰۰,1400,سفید,سالم,سالم و پلمپ,سالم و بی‌خط و خش,۸ ماه,دنده‌ای,نقدی
۵۰۰٬۰۰۰,1382,سفید,سالم,ضربه‌خورده,سالم و پلمپ,خط و خش جزیی,۳ ماه,دنده‌ای
۹۷٬۰۰۰,1395,نوک‌مدادی,سالم,سالم و پلمپ,خط و خش جزیی,۸ ماه,دنده‌ای,نقدی
۳۵۰٬۰۰۰,1386,نوک‌مدادی,سالم,سالم و پلمپ,رنگ‌شدگی,۷ ماه,دنده‌ای,نقدی
۰,1401,سفید,سالم,سالم و پلمپ,سالم و بی‌خط و خش,۱۲ ماه,دنده‌ای,نقدی
۱۰۰٬۰۰۰,1382,نقره‌ای,نیاز به تعمیر,سالم و پلمپ,دوررنگ,۹ ماه,دنده‌ای,نقدی
۷۹٬۰۰۰,1397,سفید,سالم,سالم و پلمپ,سالم و بی‌خط و خش,۱۰ ماه,دنده‌ای,نقدی
۵۸٬۰۰۰,1397,خاکستری,سالم,سالم و پلمپ,سالم و بی‌خط و خش,۱۱ ماه,اتوماتیک,نقدی
۴٬۹۰۰,1401,سفید,سالم,سالم و پلمپ,سالم و بی‌خط و خش,۹ ماه,دنده‌ای,نقدی
۱۴٬۰۰۰,1396,سفید,سالم,سالم و پلمپ,صافکاری بی‌رنگ,۵ ماه,دنده‌ای,نقدی
۰,1401,مشکی,سالم,سالم و پلمپ,سالم و بی‌خط و خش,۱۲ ماه,اتوماتیک,نقدی
۰,1401,مشکی,سالم,سالم و پلمپ,سالم و بی‌خط و خش,۱۲ ماه,اتوماتیک,نقدی
۶۰٬۰۰۰,1381,سفید,سالم,سالم و پلمپ,خط و خش جزیی,۱۲ ماه,دنده‌ای,۷۰٬۰۰۰٬۰۰۰ تومان
۱۷۰٬۰۰۰,1395,مشکی,سالم,سالم و پلمپ,سالم و بی‌خط و خش,۱۱ ماه,دنده‌ای,نقدی
۶۵٬۰۰۰,1397,سفید,سالم,سالم و پلمپ,سالم و بی‌خط و خش,۱۰ ماه,اتوماتیک,نقدی
۱٬۳۰۰,1399,سفید,سالم,سالم و پلمپ,خط و خش جزیی,۳ ماه,دنده‌ای,نقدی
۴۵٬۰۰۰,1398,سفید,سالم,سالم و پلمپ,خط و خش جزیی,۷ ماه,دنده‌ای,نقدی
۲۶۰٬۰۰۰,1384,نقره‌ای,سالم,سالم و پلمپ,دوررنگ,۶ ماه,دنده‌ای,نقدی
۳۶٬۰۰۰,1400,سفید,سالم,سالم و پلمپ,سالم و بی‌خط و خش,۷ ماه,دنده‌ای,نقدی
۱۵٬۰۰۰,1397,سفید,سالم,سالم و پلمپ,سالم و بی‌خط و خش,۱۱ ماه,اتوماتیک,نقدی
۲۷۴٬۰۰۰,1386,نقره‌ای,سالم,رنگ‌شدگی,۴ ماه,دنده‌ای,نقدی,توافقی
۱۱۰٬۰۰۰,1381,بژ,سالم,سالم و پلمپ,خط و خش جزیی,۷ ماه,دنده‌ای,نقدی
۹۰٬۰۰۰,1396,سفید,سالم,سالم و پلمپ,سالم و بی‌خط و خش,۱ ماه,دنده‌ای,نقدی
۱۹۸٬۰۰۰,1384,سفید صدفی,سالم,ضربه‌خورده,سالم و پلمپ,خط و خش جزیی,۵ ماه,دنده‌ای
۳۵٬۰۰۰,1399,سفید,سالم,سالم و پلمپ,سالم و بی‌خط و خش,۴ ماه,دنده‌ای,نقدی
۳۸۵٬۰۰۰,1391,مشکی,سالم,سالم و پلمپ,رنگ‌شدگی,۵ ماه,اتوماتیک,نقدی
۱۴۴٬۱۳۸,1394,سفید,سالم,سالم و پلمپ,خط و خش جزیی,۴ ماه,دنده‌ای,نقدی
۱۲۰٬۰۰۰,2014,سفید,سالم,سالم و پلمپ,رنگ‌شدگی، در ۱ ناحیه,۷ ماه,اتوماتیک,نقدی
۲۰۰٬۰۰۰,1384,نقره‌ای,سالم,سالم و پلمپ,خط و خش جزیی,۶ ماه,دنده‌ای,نقدی
۲۱٬۰۰۰,1397,سفید,سالم,سالم و پلمپ,سالم و بی‌خط و خش,۹ ماه,اتوماتیک,نقدی
۴۵۰٬۰۰۰,1381,آلبالویی,سالم,سالم و پلمپ,رنگ‌شده,خط و خش جزیی,۱۱ ماه,دنده‌ای
۷۳٬۰۰۰,1397,قرمز,سالم,سالم و پلمپ,سالم و بی‌خط و خش,۶ ماه,اتوماتیک,نقدی
۰,1400,مشکی,سالم,سالم و پلمپ,سالم و بی‌خط و خش,۱۲ ماه,اتوماتیک,نقدی و قسطی
۰,1401,مشکی,سالم,سالم و پلمپ,سالم و بی‌خط و خش,۱۲ ماه,اتوماتیک,نقدی و قسطی
۰,1401,سفید,سالم,سالم و پلمپ,سالم و بی‌خط و خش,۱۲ ماه,دنده‌ای,نقدی
۱۸۰٬۰۰۰,1388,سفید,سالم,سالم و پلمپ,خط و خش جزیی,۵ ماه,دنده‌ای,نقدی
۴۸٬۰۰۰,1382,سفید,سالم,سالم و پلمپ,رنگ‌شده,خط و خش جزیی,۱۱ ماه,دنده‌ای
۲۲۰٬۰۰۰,1388,دلفینی,سالم,ضربه‌خورده,سالم و پلمپ,رنگ‌شدگی,۴ ماه,دنده‌ای
۱۰٬۷۰۰,1397,سفید,سالم,سالم و پلمپ,سالم و بی‌خط و خش,۱۱ ماه,اتوماتیک,نقدی
۳۲٬۰۰۰,1398,سفید,سالم,سالم و پلمپ,سالم و بی‌خط و خش,۸ ماه,دنده‌ای,نقدی
۱۷٬۶۰۰,1400,نوک‌مدادی,سالم,سالم و پلمپ,سالم و بی‌خط و خش,۳ ماه,دنده‌ای,نقدی
۹۲٬۲۰۰,2016,سفید,سالم,سالم و پلمپ,سالم و بی‌خط و خش,۴ ماه,اتوماتیک,نقدی
۳۰۰٬۰۰۰,1387,سفید,سالم,ضربه‌خورده,سالم و پلمپ,دوررنگ,۳ ماه,دنده‌ای
۷۳٬۰۰۰,1398,سفید,سالم,خط و خش جزیی,۱ ماه,دنده‌ای,نقدی,۳۱۰٬۰۰۰٬۰۰۰ تومان
۲۰۰٬۰۰۰,1393,سفید,سالم,سالم و پلمپ,خط و خش جزیی,۱۱ ماه,دنده‌ای,نقدی
۱۹۹٬۰۰۰,1390,زرد,سالم,سالم و پلمپ,رنگ‌شدگی,۹ ماه,دنده‌ای,نقدی
۲۸۰٬۰۰۰,1378,خاکستری,نیاز به تعمیر,سالم و پلمپ,دوررنگ,۶ ماه,دنده‌ای,نقدی
۱۲۲٬۰۰۰,1393,سفید,سالم,سالم و پلمپ,رنگ‌شدگی، در ۱ ناحیه,۶ ماه,دنده‌ای,نقدی
۷۰٬۰۰۰,1394,سرمه‌ای,سالم,سالم و پلمپ,سالم و بی‌خط و خش,۶ ماه,دنده‌ای,نقدی
۸۰,1398,سفید,سالم,سالم و پلمپ,سالم و بی‌خط و خش,۳ ماه,دنده‌ای,نقدی
۱۹۲٬۰۰۰,1396,نوک‌مدادی,سالم,سالم و پلمپ,تمام‌رنگ,۷ ماه,دنده‌ای,نقدی
۱۵۰٬۰۰۰,1396,خاکستری,سالم,سالم و پلمپ,خط و خش جزیی,۱ ماه,دنده‌ای,نقدی
۷۵٬۰۰۰,1397,سفید,سالم,سالم و پلمپ,خط و خش جزیی,۹ ماه,دنده‌ای,نقدی
۲۴۵٬۰۰۰,1389,سفید,سالم,سالم و پلمپ,رنگ‌شدگی,۲ ماه,دنده‌ای,نقدی
۶۹٬۰۰۰,1396,سفید,سالم,سالم و پلمپ,سالم و بی‌خط و خش,۶ ماه,دنده‌ای,نقدی
۲۰۵٬۰۰۰,1393,نوک‌مدادی,سالم,ضربه‌خورده,سالم و پلمپ,رنگ‌شدگی,۱۱ ماه,دنده‌ای
۳۷۵٬۰۰۰,1390,زرد,سالم,سالم و پلمپ,تمام‌رنگ,۱ ماه,دنده‌ای,نقدی و قسطی
۸۱٬۰۰۰,1397,سفید,سالم,سالم و پلمپ,رنگ‌شدگی,۵ ماه,دنده‌ای,نقدی
۱۸۰٬۰۰۰,1386,سفید,سالم,سالم و پلمپ,سالم و بی‌خط و خش,۱۲ ماه,دنده‌ای,نقدی
۱۴۵٬۰۰۰,1395,سفید,سالم,سالم و پلمپ,سالم و بی‌خط و خش,۷ ماه,دنده‌ای,نقدی
۳۴۵٬۰۰۰,1993,سرمه‌ای,نیاز به تعمیر,ضربه‌خورده,رنگ‌شده,تمام‌رنگ,۶ ماه,دنده‌ای
۱۰۰٬۰۰۰,1399,سفید,سالم,سالم و پلمپ,سالم و بی‌خط و خش,۶ ماه,دنده‌ای,نقدی
۱۰٬۰۰۰,1397,سفید,سالم,سالم و پلمپ,سالم و بی‌خط و خش,۲ ماه,اتوماتیک,نقدی
۲۲۰٬۰۰۰,1387,مشکی,سالم,سالم و پلمپ,تمام‌رنگ,۳ ماه,دنده‌ای,نقدی
۳۶۰٬۰۰۰,1390,سفید,سالم,سالم و پلمپ,رنگ‌شده,خط و خش جزیی,۲ ماه,دنده‌ای
۱۸۵٬۰۰۰,1390,سفید,سالم,سالم و پلمپ,رنگ‌شدگی، در ۲ ناحیه,دنده‌ای,نقدی,۱۸۰٬۰۰۰٬۰۰۰ تومان
۹۷٬۰۰۰,2015,سفید صدفی,سالم,سالم و پلمپ,رنگ‌شدگی,۶ ماه,اتوماتیک,نقدی
۷۰٬۰۰۰,2016,سفید صدفی,سالم,سالم و پلمپ,سالم و بی‌خط و خش,۶ ماه,اتوماتیک,نقدی
۷۶٬۰۰۰,1372,سرمه‌ای,سالم,سالم و پلمپ,سالم و بی‌خط و خش,۶ ماه,دنده‌ای,نقدی
۱۵٬۰۰۰,1399,سفید,سالم,سالم و پلمپ,سالم و بی‌خط و خش,۲ ماه,دنده‌ای,نقدی
۲۸۰٬۰۰۰,1388,خاکستری,سالم,سالم و پلمپ,خط و خش جزیی,۱۰ ماه,دنده‌ای,نقدی
۰,1401,مشکی,سالم,سالم و پلمپ,سالم و بی‌خط و خش,۱۱ ماه,دنده‌ای,نقدی
۵۰٬۰۰۰,1398,سفید,سالم,سالم و پلمپ,خط و خش جزیی,۶ ماه,دنده‌ای,نقدی
۰,1400,سفید,سالم,سالم و پلمپ,سالم و بی‌خط و خش,۵ ماه,دنده‌ای,نقدی
۱۴۰٬۰۰۰,1387,سفید,سالم,سالم و پلمپ,سالم و بی‌خط و خش,۱۲ ماه,دنده‌ای,نقدی
۲۷۲٬۰۰۰,1993,سفید صدفی,سالم,سالم و پلمپ,خط و خش جزیی,۴ ماه,دنده‌ای,نقدی
۱۰۸٬۰۰۰,1396,سفید,سالم,سالم و پلمپ,سالم و بی‌خط و خش,۶ ماه,دنده‌ای,نقدی
۲۲۲٬۸۱۶,1383,مشکی,سالم,ضربه‌خورده,سالم و پلمپ,تمام‌رنگ,۲ ماه,دنده‌ای
۷۶٬۰۰۰,2016,قرمز,سالم,سالم و پلمپ,سالم و بی‌خط و خش,۱۱ ماه,اتوماتیک,نقدی
۰,1401,سفید,سالم,سالم و بی‌خط و خش,۱۲ ماه,اتوماتیک,نقدی,غیرقابل نمایش
۱۹۰٬۰۰۰,1391,آلبالویی,سالم,سالم و پلمپ,رنگ‌شدگی,۱۰ ماه,دنده‌ای,نقدی
۸۸٬۰۰۰,1398,سفید,سالم,ضربه‌خورده,سالم و پلمپ,رنگ‌شدگی,۶ ماه,دنده‌ای
۲۲۰٬۰۰۰,2006,نقرآبی,تعویض شده,سالم و پلمپ,سالم و بی‌خط و خش,۱۲ ماه,اتوماتیک,نقدی
۷۳٬۰۰۰,1397,مشکی,سالم,سالم و پلمپ,سالم و بی‌خط و خش,۱۲ ماه,دنده‌ای,نقدی
۲۸۰٬۰۰۰,1389,خاکستری,سالم,سالم و پلمپ,خط و خش جزیی,۱۲ ماه,دنده‌ای,نقدی
۵۶٬۰۰۰,1396,سفید,سالم,سالم و پلمپ,سالم و بی‌خط و خش,۱۲ ماه,اتوماتیک,نقدی
۱۶۴٬۰۰۰,1392,سفید,سالم,سالم و پلمپ,خط و خش جزیی,۷ ماه,دنده‌ای,نقدی
۶٬۰۰۰,1400,سفید,سالم,سالم و بی‌خط و خش,۲ ماه,اتوماتیک,نقدی,۹۳۰٬۰۰۰٬۰۰۰ تومان
۱۸۰٬۰۰۰,1383,کرم,سالم,سالم و پلمپ,سالم و بی‌خط و خش,۱۲ ماه,دنده‌ای,نقدی
۴۵۰,1400,سفید,سالم,سالم و پلمپ,سالم و بی‌خط و خش,۴ ماه,دنده‌ای,نقدی
۷۷٬۰۰۰,1395,سفید,سالم,سالم و پلمپ,سالم و بی‌خط و خش,۷ ماه,دنده‌ای,نقدی
۲۱٬۰۰۰,2017,مشکی,سالم,سالم و پلمپ,سالم و بی‌خط و خش,۶ ماه,اتوماتیک,"نقدی, قابل معاوضه"
۳۸۵٬۰۰۰,1386,نقره‌ای,سالم,سالم و پلمپ,خط و خش جزیی,۱ ماه,دنده‌ای,نقدی
۸۷٬۰۰۰,1392,سفید,سالم,سالم و پلمپ,رنگ‌شدگی,۷ ماه,دنده‌ای,نقدی
۸۴٬۰۰۰,1396,قرمز,سالم,سالم و پلمپ,سالم و بی‌خط و خش,۲ ماه,اتوماتیک,نقدی
۱۴۴٬۰۰۰,1398,سفید,سالم,سالم و پلمپ,سالم و بی‌خط و خش,۱ ماه,دنده‌ای,نقدی
۳۷٬۲۰۰,1397,سفید,سالم,سالم و پلمپ,خط و خش جزیی,۸ ماه,اتوماتیک,نقدی
۴۰۰٬۰۰۰,1384,مشکی,سالم,رنگ‌شده,تمام‌رنگ,۴ ماه,دنده‌ای,نقدی
۱۶۰٬۰۰۰,1394,سفید,سالم,ضربه‌خورده,رنگ‌شدگی,۵ ماه,دنده‌ای,نقدی
۲۵۰٬۰۰۰,1391,سفید,سالم,ضربه‌خورده,سالم و پلمپ,رنگ‌شدگی,۳ ماه,اتوماتیک
۲۲۵٬۰۰۰,1391,سفید,سالم,سالم و پلمپ,خط و خش جزیی,۵ ماه,دنده‌ای,نقدی
۸۰٬۰۰۰,1397,سفید,سالم,سالم و پلمپ,رنگ‌شدگی,۶ ماه,دنده‌ای,نقدی
۲۴۴٬۰۰۰,1390,طلایی,سالم,سالم و پلمپ,خط و خش جزیی,۱۲ ماه,دنده‌ای,نقدی
۳۰٬۰۰۰,1400,سفید,سالم,سالم و پلمپ,سالم و بی‌خط و خش,۱۲ ماه,دنده‌ای,۱۹۴٬۰۰۰٬۰۰۰ تومان
۱۳٬۰۰۰,1400,سفید,سالم,سالم و پلمپ,سالم و بی‌خط و خش,۴ ماه,دنده‌ای,نقدی
۱۵۳٬۰۰۰,1390,بنفش,سالم,سالم و پلمپ,خط و خش جزیی,۵ ماه,دنده‌ای,نقدی
۰,1398,مشکی,سالم,سالم و پلمپ,سالم و بی‌خط و خش,۱۲ ماه,اتوماتیک,نقدی
۱۰۵٬۰۰۰,1395,نوک‌مدادی,سالم,ضربه‌خورده,تصادفی,۱۰ ماه,دنده‌ای,نقدی
۶۴٬۰۰۰,1398,سفید,سالم,سالم و پلمپ,سالم و بی‌خط و خش,۶ ماه,اتوماتیک,نقدی
۹۰٬۰۰۰,1397,طوسی,سالم,سالم و پلمپ,رنگ‌شدگی,۹ ماه,دنده‌ای,نقدی
۱۵۸٬۰۰۰,1394,خاکستری,سالم,سالم و پلمپ,رنگ‌شدگی,۱۲ ماه,دنده‌ای,نقدی
۰,1401,مشکی,سالم,سالم و پلمپ,سالم و بی‌خط و خش,۱۱ ماه,اتوماتیک,نقدی
۲۳۰٬۰۰۰,1383,یشمی,سالم,سالم و پلمپ,خط و خش جزیی,۱ ماه,دنده‌ای,نقدی
۰,1401,سفید,سالم,سالم و پلمپ,سالم و بی‌خط و خش,۱۲ ماه,اتوماتیک,نقدی
۷۶٬۰۰۰,1397,آبی,سالم,سالم و پلمپ,سالم و بی‌خط و خش,۱۲ ماه,اتوماتیک,نقدی
۶٬۵۰۰,1399,سفید,سالم,سالم و پلمپ,سالم و بی‌خط و خش,۲ ماه,دنده‌ای,نقدی
۸۰٬۵۰۰,1397,سفید,سالم,سالم و پلمپ,رنگ‌شدگی,۲ ماه,دنده‌ای,نقدی
۱۴۰٬۰۰۰,1391,خاکستری,سالم,سالم و پلمپ,رنگ‌شدگی,۳ ماه,دنده‌ای,نقدی
۱۶٬۰۰۰,1399,سفید صدفی,سالم,سالم و پلمپ,سالم و بی‌خط و خش,۱۲ ماه,دنده‌ای,نقدی
۳٬۰۰۰,1401,مشکی,سالم,سالم و پلمپ,سالم و بی‌خط و خش,اتوماتیک,نقدی,۵۰۵٬۰۰۰٬۰۰۰ تومان
۴۳٬۰۰۰,1397,سفید صدفی,سالم,سالم و پلمپ,سالم و بی‌خط و خش,۴ ماه,اتوماتیک,نقدی
۰,1401,مشکی,سالم,سالم و پلمپ,سالم و بی‌خط و خش,۱۲ ماه,اتوماتیک,نقدی
۵۰۰,1400,سفید,سالم,سالم و پلمپ,سالم و بی‌خط و خش,۱۲ ماه,اتوماتیک,"نقدی, قابل معاوضه"
۱۰۸٬۰۰۰,1396,سفید,سالم,سالم و پلمپ,ضربه‌خورده,رنگ‌شدگی,۹ ماه,دنده‌ای
۹۰٬۰۰۰,1399,سفید,سالم,سالم و پلمپ,سالم و بی‌خط و خش,۱۰ ماه,دنده‌ای,نقدی
۲۵۰٬۰۰۰,1386,نقره‌ای,سالم,سالم و پلمپ,خط و خش جزیی,دنده‌ای,نقدی,۱۶۳٬۰۰۰٬۰۰۰ تومان
۲٬۰۰۰,1401,سفید,سالم,سالم و پلمپ,سالم و بی‌خط و خش,۱۰ ماه,دنده‌ای,نقدی
۱۵۰٬۰۰۰,1392,سفید صدفی,سالم,سالم و پلمپ,سالم و بی‌خط و خش,۱۱ ماه,دنده‌ای,نقدی
۵٬۰۰۰,1997,سرمه‌ای,سالم,سالم و پلمپ,دوررنگ,۶ ماه,دنده‌ای,نقدی
۱۳۳٬۰۰۰,1393,سفید,سالم,سالم و پلمپ,خط و خش جزیی,۴ ماه,دنده‌ای,نقدی
۲۰۰٬۰۰۰,1385,نوک‌مدادی,سالم,ضربه‌خورده,سالم و پلمپ,خط و خش جزیی,۶ ماه,دنده‌ای
۵۵٬۰۰۰,1397,سفید,سالم,سالم و پلمپ,خط و خش جزیی,۱۰ ماه,دنده‌ای,نقدی
۲۲٬۰۰۰,1399,سفید,سالم,سالم و پلمپ,سالم و بی‌خط و خش,۵ ماه,دنده‌ای,نقدی
۰,1401,نوک‌مدادی,سالم,سالم و پلمپ,سالم و بی‌خط و خش,۱۲ ماه,دنده‌ای,نقدی
۷٬۹۰۰,1400,مشکی,سالم,سالم و پلمپ,سالم و بی‌خط و خش,۶ ماه,اتوماتیک,نقدی
۷۸٬۰۰۰,1397,سفید,سالم,سالم و پلمپ,سالم و بی‌خط و خش,۳ ماه,دنده‌ای,نقدی
۱۵۸٬۰۰۰,1388,سفید,سالم,رنگ‌شدگی,۲ ماه,دنده‌ای,نقدی,۱۸۶٬۰۰۰٬۰۰۰ تومان
۲۷۰٬۰۰۰,1386,نقره‌ای,سالم,سالم و پلمپ,دوررنگ,۱۰ ماه,اتوماتیک,نقدی
۱۴۵٬۰۰۰,1396,آبی,سالم,سالم و پلمپ,رنگ‌شدگی,۱۲ ماه,اتوماتیک,نقدی و قسطی
۶۰٬۰۰۰,1392,خاکستری,سالم,سالم و پلمپ,خط و خش جزیی,۶ ماه,دنده‌ای,نقدی
۲۵٬۰۰۰,1400,سفید,سالم,سالم و پلمپ,سالم و بی‌خط و خش,۵ ماه,دنده‌ای,نقدی و قسطی
۲۰۰٬۰۰۰,1391,سفید,سالم,سالم و پلمپ,خط و خش جزیی,۱۲ ماه,اتوماتیک,نقدی
۱۳۳٬۰۰۰,1395,سفید,سالم,سالم و پلمپ,خط و خش جزیی,۱۲ ماه,دنده‌ای,نقدی
۴۸٬۰۰۰,2017,سفید,سالم,سالم و پلمپ,سالم و بی‌خط و خش,۱۲ ماه,اتوماتیک,نقدی
۱۹۷٬۰۰۰,1389,سفید,سالم,سالم و پلمپ,سالم و بی‌خط و خش,۵ ماه,دنده‌ای,نقدی
۱۶۱٬۰۰۰,1391,مشکی,سالم,سالم و پلمپ,سالم و بی‌خط و خش,۱۰ ماه,اتوماتیک,نقدی
۱۱۷٬۰۰۰,1394,سفید,سالم,سالم و پلمپ,سالم و بی‌خط و خش,۶ ماه,دنده‌ای,نقدی
۴٬۰۰۰,1401,آبی,سالم,سالم و پلمپ,سالم و بی‌خط و خش,۱۰ ماه,دنده‌ای,نقدی
۴۰٬۰۰۰,1399,سفید,سالم,سالم و پلمپ,رنگ‌شدگی,دنده‌ای,نقدی,۲۷۵٬۰۰۰٬۰۰۰ تومان
۴۹۲٬۰۰۰,1384,نقره‌ای,سالم,سالم و پلمپ,دوررنگ,۱۰ ماه,دنده‌ای,نقدی
۹۵٬۰۰۰,2016,مشکی,سالم,سالم و پلمپ,سالم و بی‌خط و خش,۲ ماه,اتوماتیک,نقدی
۶۸٬۰۰۰,1396,سفید,سالم,سالم و پلمپ,خط و خش جزیی,۶ ماه,دنده‌ای,نقدی
۲۰۰٬۰۰۰,1385,خاکستری,سالم,سالم و پلمپ,خط و خش جزیی,۶ ماه,اتوماتیک,نقدی
۱۱٬۱۱۱,1384,نقره‌ای,سالم,سالم و پلمپ,دوررنگ,۴ ماه,دنده‌ای,نقدی
۴۰٬۰۰۰,1396,نوک‌مدادی,سالم,سالم و پلمپ,سالم و بی‌خط و خش,۱۲ ماه,دنده‌ای,نقدی
۵۰٬۰۰۰,1396,سفید,سالم,سالم و پلمپ,سالم و بی‌خط و خش,۲ ماه,دنده‌ای,نقدی
۵۰٬۰۰۰,1396,اطلسی,سالم,سالم و پلمپ,خط و خش جزیی,۳ ماه,دنده‌ای,نقدی
۱۱۰٬۰۰۰,1395,سفید,سالم,سالم و پلمپ,خط و خش جزیی,۶ ماه,دنده‌ای,نقدی
۸۷٬۰۰۰,1394,سفید,سالم,سالم و پلمپ,رنگ‌شدگی,۷ ماه,دنده‌ای,نقدی
۲۳٬۰۰۰,1400,آبی,سالم,سالم و پلمپ,سالم و بی‌خط و خش,۱۲ ماه,دنده‌ای,غیرقابل نمایش
۲۵۰٬۰۰۰,1389,سفید,سالم,سالم و پلمپ,سالم و بی‌خط و خش,۹ ماه,اتوماتیک,نقدی
۷۰٬۰۰۰,1395,مشکی,سالم,سالم و پلمپ,سالم و بی‌خط و خش,۴ ماه,اتوماتیک,نقدی
۱۱۵٬۰۰۰,1396,قرمز,سالم,سالم و پلمپ,رنگ‌شدگی,۱۱ ماه,دنده‌ای,نقدی
۱۸۰٬۰۰۰,1391,سفید,سالم,سالم و پلمپ,خط و خش جزیی,۳ ماه,دنده‌ای,نقدی
۳۹٬۰۰۰,1398,سفید,سالم,سالم و پلمپ,سالم و بی‌خط و خش,۸ ماه,اتوماتیک,نقدی
۱۳۰٬۰۰۰,1394,سفید,سالم,سالم و پلمپ,خط و خش جزیی,۶ ماه,دنده‌ای,نقدی
۶۸٬۰۰۰,1397,مشکی,سالم,سالم و پلمپ,رنگ‌شدگی,۱۰ ماه,اتوماتیک,نقدی
۵۴٬۰۰۰,1398,خاکستری,سالم,سالم و پلمپ,سالم و بی‌خط و خش,۱۲ ماه,دنده‌ای,نقدی
۱۴۰٬۰۰۰,1395,زرد,سالم,سالم و پلمپ,خط و خش جزیی,۸ ماه,دنده‌ای,نقدی
۱۶۶٬۰۰۰,1393,نوک‌مدادی,سالم,رنگ‌شدگی,۱۱ ماه,دنده‌ای,نقدی,۲۰۰٬۰۰۰٬۰۰۰ تومان
۷۰٬۰۰۰,1397,سفید,سالم,سالم و پلمپ,سالم و بی‌خط و خش,۱۱ ماه,اتوماتیک,نقدی
۲۰۶٬۰۰۰,1384,نقره‌ای,سالم,سالم و پلمپ,رنگ‌شدگی,۱۲ ماه,دنده‌ای,نقدی
۲۰۰,2011,اطلسی,سالم,سالم و پلمپ,رنگ‌شدگی,۱۱ ماه,اتوماتیک,نقدی
۱۸۳٬۰۰۰,2006,نقره‌ای,سالم,سالم و پلمپ,رنگ‌شدگی، در ۱ ناحیه,۱۲ ماه,اتوماتیک,نقدی
۱۵٬۰۰۰,1397,نقره‌ای,سالم,سالم و پلمپ,سالم و بی‌خط و خش,۶ ماه,اتوماتیک,نقدی
۲۷۲٬۰۰۰,1384,خاکستری,سالم,صافکاری بی‌رنگ,۱ ماه,دنده‌ای,نقدی,۹۲٬۰۰۰٬۰۰۰ تومان
۱۰۰٬۰۰۰,1394,سفید,سالم,سالم و پلمپ,تصادفی,۹ ماه,دنده‌ای,نقدی
۹۵٬۰۰۰,2009,سفید,سالم,سالم و پلمپ,سالم و بی‌خط و خش,۶ ماه,اتوماتیک,"نقدی, قابل معاوضه"
۱۵٬۰۰۰,1398,سفید,سالم,سالم و پلمپ,سالم و بی‌خط و خش,۱۲ ماه,دنده‌ای,نقدی
۳٬۷۶۰,1399,سفید,سالم,سالم و پلمپ,سالم و بی‌خط و خش,۷ ماه,دنده‌ای,نقدی
۱۲۵٬۰۰۰,1392,نوک‌مدادی,سالم,سالم و پلمپ,سالم و بی‌خط و خش,۸ ماه,دنده‌ای,نقدی
۰,1400,آبی,سالم,سالم و پلمپ,سالم و بی‌خط و خش,۱۲ ماه,دنده‌ای,نقدی
۱۷۳٬۰۰۰,1389,زیتونی,سالم,سالم و پلمپ,خط و خش جزیی,۴ ماه,اتوماتیک,نقدی و قسطی
۱۱۹٬۳۰۰,1395,سفید,سالم,سالم و پلمپ,خط و خش جزیی,۹ ماه,اتوماتیک,نقدی
۸۶٬۰۰۰,1397,سفید,سالم,سالم و پلمپ,سالم و بی‌خط و خش,۱۱ ماه,اتوماتیک,نقدی
۰,1401,سفید,سالم,سالم و پلمپ,سالم و بی‌خط و خش,۱۱ ماه,دنده‌ای,نقدی
