Distance,Year,Color,MotorState,ChassisState,Guarantee,GearboxModel,PaymentMode,Price,Block
۲۸٬۰۰۰,2016,سفید,سالم,سالم و پلمپ,سالم و بی‌خط و خش,۱۰ ماه,اتوماتیک,نقدی,۹۷۰٬۰۰۰٬۰۰۰ تومان
۲۸٬۰۰۰,1398,سفید,سالم,ضربه‌خورده,سالم و پلمپ,تصادفی,۸ ماه,دنده‌ای,نقدی
۱۴۵٬۰۰۰,1389,سفید,سالم,سالم و پلمپ,خط و خش جزیی,۶ ماه,دنده‌ای,نقدی,۱۰۷٬۰۰۰٬۰۰۰ تومان
۱۱٬۰۰۰,1400,مشکی,سالم,سالم و پلمپ,سالم و بی‌خط و خش,۶ ماه,دنده‌ای,نقدی,۳۷۸٬۰۰۰٬۰۰۰ تومان
۱۱۴٬۰۰۰,1396,قهوه‌ای,سالم,سالم و پلمپ,سالم و بی‌خط و خش,۹ ماه,اتوماتیک,نقدی,۷۹۰٬۰۰۰٬۰۰۰ تومان
۱۶۰٬۰۰۰,2008,خاکستری,سالم,سالم و پلمپ,سالم و بی‌خط و خش,۷ ماه,اتوماتیک,نقدی,۹۵۰٬۰۰۰٬۰۰۰ تومان
۱۷٬۰۰۰,1399,سفید,سالم,سالم و پلمپ,سالم و بی‌خط و خش,۶ ماه,دنده‌ای,نقدی,۲۸۸٬۰۰۰٬۰۰۰ تومان
۰,1401,سفید,سالم,سالم و پلمپ,سالم و بی‌خط و خش,۱۱ ماه,دنده‌ای,قسطی,۱۰۴٬۰۰۰٬۰۰۰ تومان
۲۴۰٬۰۰۰,2007,قرمز,سالم,سالم و پلمپ,رنگ‌شدگی,۶ ماه,اتوماتیک,نقدی,۶۷۰٬۰۰۰٬۰۰۰ تومان
۰,1401,سفید,سالم,سالم و پلمپ,سالم و بی‌خط و خش,۱۲ ماه,دنده‌ای,نقدی و قسطی,توافقی
۲۹٬۰۰۰,1399,سفید,سالم,سالم و پلمپ,سالم و بی‌خط و خش,۶ ماه,اتوماتیک,نقدی,۶۱۸٬۰۰۰٬۰۰۰ تومان
۳۰۰٬۰۰۰,1383,نقره‌ای,سالم,سالم و پلمپ,دوررنگ,۳ ماه,دنده‌ای,نقدی,توافقی
۱۳۰٬۰۰۰,1394,گیلاسی,سالم,سالم و پلمپ,خط و خش جزیی,۶ ماه,دنده‌ای,نقدی,۱۹۲٬۰۰۰٬۰۰۰ تومان
۰,2017,سفید,سالم,سالم و پلمپ,سالم و بی‌خط و خش,۶ ماه,اتوماتیک,نقدی,توافقی
۹۰٬۰۰۰,2014,سفید صدفی,سالم,سالم و پلمپ,سالم و بی‌خط و خش,۵ ماه,اتوماتیک,نقدی,توافقی
۱۶۵٬۰۰۰,1388,سفید,سالم,سالم و پلمپ,سالم و بی‌خط و خش,۱۰ ماه,دنده‌ای,نقدی,۷۲٬۰۰۰٬۰۰۰ تومان
۰,1401,سفید صدفی,سالم,سالم و پلمپ,سالم و بی‌خط و خش,۱۲ ماه,اتوماتیک,نقدی و قسطی,۷۱۷٬۰۰۰٬۰۰۰ تومان
۲۴٬۰۰۰,1400,سفید,سالم,سالم و پلمپ,سالم و بی‌خط و خش,۵ ماه,دنده‌ای,نقدی,۳۶۹٬۰۰۰٬۰۰۰ تومان
۸۳٬۰۰۰,1396,دلفینی,سالم,سالم و پلمپ,سالم و بی‌خط و خش,۷ ماه,دنده‌ای,نقدی,۱۴۷٬۰۰۰٬۰۰۰ تومان
۲۰۰٬۰۰۰,1389,سفید,سالم,سالم و پلمپ,ضربه‌خورده,خط و خش جزیی,۱۲ ماه,دنده‌ای,نقدی
۱,1401,سفید,سالم,سالم و پلمپ,سالم و بی‌خط و خش,۱۲ ماه,اتوماتیک,قسطی,توافقی
۱۴۰٬۰۰۰,2014,مشکی,سالم,سالم و پلمپ,رنگ‌شدگی,۵ ماه,اتوماتیک,نقدی,۱٬۲۶۰٬۰۰۰٬۰۰۰ تومان
۸۸٬۰۰۰,2014,مشکی,سالم,سالم و پلمپ,خط و خش جزیی,۶ ماه,اتوماتیک,نقدی و قسطی,۱٬۴۶۰٬۰۰۰٬۰۰۰ تومان
۰,1401,سفید صدفی,سالم,سالم و پلمپ,سالم و بی‌خط و خش,۱۲ ماه,دنده‌ای,قسطی,توافقی
۹۷٬۰۰۰,2015,سفید,سالم,سالم و پلمپ,رنگ‌شدگی,۶ ماه,اتوماتیک,نقدی و قسطی,۱٬۴۸۰٬۰۰۰٬۰۰۰ تومان
۴۶٬۰۰۰,1394,مشکی,سالم,سالم و پلمپ,سالم و بی‌خط و خش,۲ ماه,دنده‌ای,نقدی,توافقی
۱۷۰٬۰۰۰,1390,مشکی,سالم,سالم و پلمپ,سالم و بی‌خط و خش,۱۲ ماه,اتوماتیک,نقدی,توافقی
۱۴٬۰۰۰,1400,مشکی,سالم,سالم و پلمپ,سالم و بی‌خط و خش,۱۱ ماه,اتوماتیک,نقدی,توافقی
۰,1401,مشکی,سالم,سالم و پلمپ,سالم و بی‌خط و خش,۱۲ ماه,اتوماتیک,نقدی,توافقی
۳۸۵٬۰۰۰,1389,آبی,سالم,سالم و پلمپ,خط و خش جزیی,۷ ماه,دنده‌ای,نقدی,۲۴۰٬۰۰۰٬۰۰۰ تومان
۱۳۵٬۰۰۰,2014,سفید صدفی,سالم,سالم و پلمپ,خط و خش جزیی,۵ ماه,اتوماتیک,نقدی,۱٬۳۷۵٬۰۰۰٬۰۰۰ تومان
۸۸٬۰۰۰,2009,نقره‌ای,سالم,سالم و پلمپ,سالم و بی‌خط و خش,۳ ماه,اتوماتیک,نقدی,۱٬۹۵۰٬۰۰۰٬۰۰۰ تومان
۲۲۸٬۰۰۰,1390,سفید,سالم,سالم و پلمپ,خط و خش جزیی,۶ ماه,دنده‌ای,نقدی,۲۳۰٬۰۰۰٬۰۰۰ تومان
۷۲٬۰۰۰,2009,مشکی,سالم,سالم و پلمپ,سالم و بی‌خط و خش,۳ ماه,اتوماتیک,نقدی,توافقی
۱۵۰٬۰۰۰,2015,بژ,سالم,سالم و پلمپ,صافکاری بی‌رنگ,۳ ماه,اتوماتیک,نقدی,توافقی
۸۲٬۰۰۰,2015,سفید,سالم,سالم و پلمپ,سالم و بی‌خط و خش,۳ ماه,اتوماتیک,نقدی,توافقی
۰,1401,مشکی,سالم,سالم و پلمپ,سالم و بی‌خط و خش,۱۲ ماه,اتوماتیک,نقدی,توافقی
۸۰٬۰۰۰,2017,آبی,سالم,سالم و پلمپ,رنگ‌شدگی,۳ ماه,اتوماتیک,نقدی,توافقی
۳۰٬۰۰۰,1399,سفید,سالم,سالم و پلمپ,سالم و بی‌خط و خش,۳ ماه,اتوماتیک,نقدی,توافقی
۵۷٬۰۰۰,2017,مشکی,سالم,سالم و پلمپ,رنگ‌شدگی,۶ ماه,اتوماتیک,نقدی,۲٬۱۰۰٬۰۰۰٬۰۰۰ تومان
۲۰٬۰۰۰,2018,مشکی,سالم,سالم و پلمپ,سالم و بی‌خط و خش,۳ ماه,اتوماتیک,نقدی,توافقی
۱۱۰٬۰۰۰,2014,سفید صدفی,سالم,سالم و پلمپ,سالم و بی‌خط و خش,۹ ماه,اتوماتیک,نقدی,توافقی
۰,2018,تیتانیوم,سالم,سالم و پلمپ,سالم و بی‌خط و خش,۳ ماه,اتوماتیک,نقدی,توافقی
۴۹٬۰۰۰,1397,سفید,سالم,سالم و پلمپ,سالم و بی‌خط و خش,۳ ماه,اتوماتیک,نقدی,توافقی
۱۰۰٬۰۰۰,2016,سفید صدفی,سالم,سالم و پلمپ,سالم و بی‌خط و خش,۶ ماه,اتوماتیک,نقدی,۲٬۲۳۰٬۰۰۰٬۰۰۰ تومان
۱۶٬۰۰۰,1400,مشکی,سالم,سالم و پلمپ,سالم و بی‌خط و خش,۱۲ ماه,دنده‌ای,نقدی,۴۰۵٬۰۰۰٬۰۰۰ تومان
۱۰۰٬۰۰۰,1386,آبی,سالم,سالم و پلمپ,سالم و بی‌خط و خش,۴ ماه,دنده‌ای,نقدی,۲۲۵٬۰۰۰٬۰۰۰ تومان
۷۰٬۰۰۰,1395,سفید,سالم,سالم و پلمپ,سالم و بی‌خط و خش,۷ ماه,دنده‌ای,نقدی,۳۳۱٬۰۰۰٬۰۰۰ تومان
۹۵٬۰۰۰,1394,قهوه‌ای,سالم,سالم و پلمپ,خط و خش جزیی,۶ ماه,دنده‌ای,نقدی,۱۵۵٬۰۰۰٬۰۰۰ تومان
۲۲,1400,سفید,سالم,سالم و پلمپ,سالم و بی‌خط و خش,۱۱ ماه,دنده‌ای,نقدی,۲۹۰٬۰۰۰٬۰۰۰ تومان
۱۵۰٬۰۰۰,2009,سرمه‌ای,سالم,سالم و پلمپ,سالم و بی‌خط و خش,۳ ماه,اتوماتیک,نقدی,توافقی
۷۵٬۰۰۰,2015,مشکی,سالم,سالم و پلمپ,خط و خش جزیی,۶ ماه,اتوماتیک,نقدی و قسطی,۱٬۶۰۰٬۰۰۰٬۰۰۰ تومان
۰,1401,سفید,سالم,سالم و پلمپ,سالم و بی‌خط و خش,۱۲ ماه,دنده‌ای,نقدی,۴۰۷٬۰۰۰٬۰۰۰ تومان
۵۲٬۰۰۰,1397,سفید,سالم,سالم و پلمپ,سالم و بی‌خط و خش,۱۱ ماه,دنده‌ای,نقدی,توافقی
۶٬۰۰۰,1401,سفید,سالم,سالم و پلمپ,سالم و بی‌خط و خش,۶ ماه,دنده‌ای,نقدی,توافقی
۶۶٬۰۰۰,1398,سفید,سالم,سالم و پلمپ,خط و خش جزیی,۳ ماه,دنده‌ای,نقدی,۱۶۷٬۰۰۰٬۰۰۰ تومان
۰,1401,مشکی,سالم,سالم و پلمپ,سالم و بی‌خط و خش,۱۲ ماه,اتوماتیک,نقدی,توافقی
۳۰۰٬۰۰۰,1385,نقره‌ای,سالم,سالم و پلمپ,رنگ‌شدگی، در ۲ ناحیه,۶ ماه,دنده‌ای,نقدی,۸۹٬۵۰۰٬۰۰۰ تومان
۲۵۰٬۰۰۰,1386,نقره‌ای,سالم,سالم و پلمپ,رنگ‌شدگی,۱۲ ماه,دنده‌ای,نقدی,۷۵٬۰۰۰٬۰۰۰ تومان
۸۹٬۰۰۰,1396,سفید,سالم,سالم و پلمپ,خط و خش جزیی,۱۲ ماه,دنده‌ای,نقدی,۲۴۵٬۰۰۰٬۰۰۰ تومان
۹۸٬۰۰۰,2015,مشکی,سالم,سالم و پلمپ,سالم و بی‌خط و خش,۱۰ ماه,اتوماتیک,نقدی,۵۶۲٬۰۰۰٬۰۰۰ تومان
۰,1401,سفید,سالم,سالم و پلمپ,سالم و بی‌خط و خش,۱۲ ماه,اتوماتیک,نقدی,توافقی
۲۴۰٬۰۰۰,1390,سفید,سالم,ضربه‌خورده,سالم و پلمپ,رنگ‌شدگی,۶ ماه,دنده‌ای,نقدی
۹۸٬۰۰۰,1395,سفید,سالم,سالم و پلمپ,سالم و بی‌خط و خش,۳ ماه,دنده‌ای,نقدی,۲۳۰٬۰۰۰٬۰۰۰ تومان
۲٬۹۰۰,1398,سفید,سالم,سالم و پلمپ,سالم و بی‌خط و خش,۱۱ ماه,اتوماتیک,نقدی,غیرقابل نمایش
۹۰۰,1400,مشکی,سالم,سالم و پلمپ,سالم و بی‌خط و خش,۵ ماه,دنده‌ای,نقدی,۳۵۰٬۰۰۰٬۰۰۰ تومان
۱۲۰٬۰۰۰,1396,مشکی,سالم,سالم و پلمپ,سالم و بی‌خط و خش,۸ ماه,اتوماتیک,نقدی,۷۰۰٬۰۰۰٬۰۰۰ تومان
۴۰٬۰۰۰,1398,ذغالی,سالم,سالم و پلمپ,سالم و بی‌خط و خش,۸ ماه,اتوماتیک,نقدی,۸۳۰٬۰۰۰٬۰۰۰ تومان
۳۰٬۰۰۰,1400,سفید,سالم,سالم و پلمپ,سالم و بی‌خط و خش,۱۱ ماه,دنده‌ای,نقدی,۴۶۸٬۰۰۰٬۰۰۰ تومان
۱۲۰٬۰۰۰,1400,سفید,سالم,سالم و پلمپ,رنگ‌شدگی,۶ ماه,دنده‌ای,نقدی,۱۶۳٬۰۰۰٬۰۰۰ تومان
۲۷۰٬۰۰۰,1389,نوک‌مدادی,سالم,سالم و پلمپ,سالم و بی‌خط و خش,۶ ماه,دنده‌ای,نقدی و قسطی,توافقی
۸۹٬۰۰۰,2017,سفید صدفی,سالم,سالم و پلمپ,سالم و بی‌خط و خش,۶ ماه,اتوماتیک,نقدی,۱٬۸۸۰٬۰۰۰٬۰۰۰ تومان
۶۶٬۰۰۰,1397,سفید,سالم,سالم و پلمپ,سالم و بی‌خط و خش,۶ ماه,دنده‌ای,نقدی,۱۴۸٬۵۰۰٬۰۰۰ تومان
۱۸٬۰۰۰,1399,سفید,سالم,سالم و پلمپ,سالم و بی‌خط و خش,۷ ماه,دنده‌ای,نقدی,۳۴۸٬۰۰۰٬۰۰۰ تومان
۲۱۸٬۰۰۰,1393,خاکستری,سالم,سالم و پلمپ,خط و خش جزیی,۱ ماه,دنده‌ای,نقدی,غیرقابل نمایش
۸۸٬۰۰۰,2015,سفید صدفی,سالم,سالم و پلمپ,سالم و بی‌خط و خش,۱۰ ماه,اتوماتیک,نقدی,توافقی
۰,1401,مشکی,سالم,سالم و پلمپ,سالم و بی‌خط و خش,۱۲ ماه,اتوماتیک,نقدی و قسطی,توافقی
۹۹٬۰۰۰,1395,سفید,سالم,سالم و پلمپ,رنگ‌شدگی,۶ ماه,اتوماتیک,"نقدی, قابل معاوضه",برای معاوضه
۲۰۰٬۰۸۸,1391,سفید,سالم,سالم و پلمپ,سالم و بی‌خط و خش,۴ ماه,دنده‌ای,نقدی,۱۲۲٬۰۰۰٬۰۰۰ تومان
۳۰۰٬۰۰۰,1385,مشکی,سالم,سالم و پلمپ,خط و خش جزیی,۶ ماه,دنده‌ای,نقدی,۱۳۴٬۰۰۰٬۰۰۰ تومان
۰,1401,سفید,سالم,سالم و پلمپ,سالم و بی‌خط و خش,۱۱ ماه,دنده‌ای,قسطی,۱۰۱٬۰۰۰٬۰۰۰ تومان
۰,1401,مشکی,سالم,سالم و پلمپ,سالم و بی‌خط و خش,۱۲ ماه,اتوماتیک,نقدی و قسطی,توافقی
۰,1401,مشکی,سالم,سالم و پلمپ,سالم و بی‌خط و خش,۱۲ ماه,اتوماتیک,نقدی,توافقی
۶۰٬۰۰۰,1397,سفید,سالم,سالم و پلمپ,خط و خش جزیی,۱۲ ماه,دنده‌ای,نقدی,۲۷۵٬۰۰۰٬۰۰۰ تومان
۲۴۱٬۰۰۰,1390,سفید,سالم,سالم و پلمپ,خط و خش جزیی,۶ ماه,دنده‌ای,نقدی,۱۷۰٬۰۰۰٬۰۰۰ تومان
۰,1401,آبی,سالم,سالم و پلمپ,سالم و بی‌خط و خش,۱۲ ماه,دنده‌ای,نقدی,۱۶۵٬۰۰۰٬۰۰۰ تومان
۰,1401,مشکی,سالم,سالم و پلمپ,سالم و بی‌خط و خش,۱۲ ماه,اتوماتیک,نقدی و قسطی,توافقی
۰,1401,سفید,سالم,سالم و پلمپ,سالم و بی‌خط و خش,۱۱ ماه,دنده‌ای,قسطی,۱۰۹٬۰۰۰٬۰۰۰ تومان
۱۴۶٬۰۰۰,1397,سفید,سالم,ضربه‌خورده,سالم و پلمپ,خط و خش جزیی,۷ ماه,دنده‌ای,نقدی
۱۷۰٬۰۰۰,2012,مشکی,سالم,سالم و پلمپ,خط و خش جزیی,۶ ماه,اتوماتیک,نقدی و قسطی,۱٬۱۸۰٬۰۰۰٬۰۰۰ تومان
۱۶۵٬۰۰۰,1387,سفید,سالم,سالم و پلمپ,سالم و بی‌خط و خش,۶ ماه,اتوماتیک,نقدی,۴۹۵٬۰۰۰٬۰۰۰ تومان
۴۶٬۰۰۰,1398,سفید,سالم,سالم و پلمپ,سالم و بی‌خط و خش,۱ ماه,دنده‌ای,نقدی,۲۳۶٬۰۰۰٬۰۰۰ تومان
۸٬۰۰۰,1400,سفید,سالم,سالم و پلمپ,سالم و بی‌خط و خش,۶ ماه,دنده‌ای,نقدی,۳۴۸٬۰۰۰٬۰۰۰ تومان
۱۵۱٬۰۰۰,1396,سفید,نیاز به تعمیر,ضربه‌خورده,سالم و پلمپ,خط و خش جزیی,۳ ماه,دنده‌ای,نقدی
۱۵۰٬۰۰۰,2014,مشکی,سالم,سالم و پلمپ,رنگ‌شدگی,۶ ماه,اتوماتیک,نقدی و قسطی,۱٬۳۸۰٬۰۰۰٬۰۰۰ تومان
۳۴۰٬۰۰۰,1384,مشکی,سالم,سالم و پلمپ,سالم و بی‌خط و خش,۸ ماه,دنده‌ای,نقدی و قسطی,۱۴۰٬۰۰۰٬۰۰۰ تومان
۲۷۰٬۰۰۰,1388,سفید,سالم,سالم و پلمپ,رنگ‌شدگی,۱۰ ماه,دنده‌ای,نقدی,۱۶۰٬۰۰۰٬۰۰۰ تومان
۰,1401,سفید,سالم,سالم و پلمپ,سالم و بی‌خط و خش,۹ ماه,دنده‌ای,نقدی,۲۱۰٬۰۰۰٬۰۰۰ تومان
۱۵,1399,سفید,سالم,سالم و پلمپ,سالم و بی‌خط و خش,۸ ماه,دنده‌ای,نقدی,توافقی
۱۸۰٬۰۰۰,1388,خاکستری,سالم,ضربه‌خورده,سالم و پلمپ,رنگ‌شدگی,۳ ماه,دنده‌ای,نقدی
۲۲۰٬۰۰۰,1383,سرمه‌ای,سالم,سالم و پلمپ,خط و خش جزیی,۹ ماه,اتوماتیک,نقدی,۱۳۰٬۰۰۰٬۰۰۰ تومان
۱۸۸٬۰۰۰,1394,خاکستری,سالم,سالم و پلمپ,ضربه‌خورده,رنگ‌شدگی,۴ ماه,دنده‌ای,نقدی
۹۷٬۰۰۰,2011,قهوه‌ای,سالم,سالم و پلمپ,سالم و بی‌خط و خش,۸ ماه,اتوماتیک,نقدی,توافقی
۰,1401,سفید,سالم,سالم و پلمپ,سالم و بی‌خط و خش,۱۲ ماه,دنده‌ای,نقدی و قسطی,توافقی
۳۰٬۰۰۰,1399,سفید,سالم,سالم و پلمپ,سالم و بی‌خط و خش,۶ ماه,اتوماتیک,نقدی,۶۴۱٬۰۰۰٬۰۰۰ تومان
۱۱۷٬۰۰۰,1395,سفید,سالم,سالم و پلمپ,سالم و بی‌خط و خش,۸ ماه,دنده‌ای,نقدی,۳۲۰٬۰۰۰٬۰۰۰ تومان
۲۰٬۰۰۰,1400,خاکستری,سالم,سالم و پلمپ,سالم و بی‌خط و خش,۵ ماه,دنده‌ای,نقدی,۲۹۰٬۰۰۰٬۰۰۰ تومان
۴۳٬۰۰۰,1397,سفید,سالم,سالم و پلمپ,سالم و بی‌خط و خش,۶ ماه,دنده‌ای,نقدی,۳۵۶٬۰۰۰٬۰۰۰ تومان
۱۴٬۰۰۰,1400,سفید,سالم,سالم و پلمپ,سالم و بی‌خط و خش,۱۰ ماه,دنده‌ای,نقدی,۱۸۷٬۰۰۰٬۰۰۰ تومان
۱۸۵٬۰۰۰,1386,سفید,سالم,سالم و پلمپ,سالم و بی‌خط و خش,۱۲ ماه,دنده‌ای,نقدی,۳۶۰٬۰۰۰٬۰۰۰ تومان
۱۴۰٬۰۰۰,1395,قهوه‌ای,سالم,سالم و پلمپ,رنگ‌شدگی,۴ ماه,اتوماتیک,نقدی,۴۹۱٬۰۰۰٬۰۰۰ تومان
۹۰٬۰۰۰,1397,بادمجانی,سالم,سالم و پلمپ,سالم و بی‌خط و خش,۶ ماه,دنده‌ای,نقدی,۲۵۱٬۰۰۰٬۰۰۰ تومان
۲۸۵٬۰۰۰,1386,نوک‌مدادی,سالم,سالم و پلمپ,رنگ‌شدگی,۶ ماه,دنده‌ای,نقدی,۱۳۵٬۰۰۰٬۰۰۰ تومان
۷۲٬۵۰۰,1396,سفید,سالم,سالم و پلمپ,سالم و بی‌خط و خش,۵ ماه,اتوماتیک,نقدی,۳۶۳٬۰۰۰٬۰۰۰ تومان
۰,1401,مشکی,سالم,سالم و پلمپ,سالم و بی‌خط و خش,۱۲ ماه,اتوماتیک,نقدی,۱٬۳۳۰٬۰۰۰٬۰۰۰ تومان
۹۵٬۰۰۰,1397,سفید,سالم,سالم و پلمپ,سالم و بی‌خط و خش,۶ ماه,دنده‌ای,نقدی,۲۸۹٬۰۰۰٬۰۰۰ تومان
۹۰٬۰۰۰,2014,سفید,سالم,سالم و پلمپ,سالم و بی‌خط و خش,۶ ماه,اتوماتیک,نقدی,توافقی
۶٬۰۰۰,1399,سفید,سالم,سالم و پلمپ,سالم و بی‌خط و خش,۶ ماه,اتوماتیک,نقدی,۵۶۰٬۰۰۰٬۰۰۰ تومان
۲۶۰٬۰۰۰,1384,نوک‌مدادی,سالم,سالم و پلمپ,خط و خش جزیی,۵ ماه,دنده‌ای,نقدی,۷۵٬۰۰۰٬۰۰۰ تومان
۰,1401,مشکی,سالم,سالم و پلمپ,سالم و بی‌خط و خش,۱۲ ماه,دنده‌ای,نقدی,توافقی
۰,1399,مشکی,سالم,سالم و پلمپ,سالم و بی‌خط و خش,۳ ماه,اتوماتیک,نقدی و قسطی,۸۸۸٬۰۰۰٬۰۰۰ تومان
۰,1400,خاکستری,سالم,سالم و پلمپ,سالم و بی‌خط و خش,۵ ماه,دنده‌ای,نقدی و قسطی,۲۹۰٬۰۰۰٬۰۰۰ تومان
۰,1401,سفید,سالم,سالم و پلمپ,سالم و بی‌خط و خش,۱۱ ماه,دنده‌ای,نقدی و قسطی,۲۰۶٬۵۰۰٬۰۰۰ تومان
۴۰٬۰۰۰,1381,سفید,سالم,سالم و پلمپ,رنگ‌شدگی,۶ ماه,دنده‌ای,نقدی,۶۵٬۰۰۰٬۰۰۰ تومان
۱۰۵,1401,سفید,سالم,سالم و پلمپ,سالم و بی‌خط و خش,۶ ماه,دنده‌ای,نقدی و قسطی,۳۹۵٬۵۰۰٬۰۰۰ تومان
۰,1401,قرمز,سالم,سالم و پلمپ,سالم و بی‌خط و خش,۱۱ ماه,اتوماتیک,نقدی و قسطی,۱٬۱۶۰٬۰۰۰٬۰۰۰ تومان
۰,1401,سفید,سالم,سالم و پلمپ,سالم و بی‌خط و خش,۸ ماه,دنده‌ای,نقدی و قسطی,۳۶۹٬۰۰۰٬۰۰۰ تومان
۰,1400,سفید,سالم,سالم و پلمپ,سالم و بی‌خط و خش,۵ ماه,دنده‌ای,نقدی و قسطی,۳۲۰٬۵۰۰٬۰۰۰ تومان
۰,1400,خاکستری,سالم,سالم و پلمپ,سالم و بی‌خط و خش,۱۲ ماه,دنده‌ای,نقدی,توافقی
۰,1401,سفید,سالم,سالم و پلمپ,سالم و بی‌خط و خش,۱۲ ماه,دنده‌ای,نقدی و قسطی,۳۹۳٬۰۰۰٬۰۰۰ تومان
۵۵٬۰۰۰,1397,مشکی,سالم,سالم و پلمپ,سالم و بی‌خط و خش,۳ ماه,اتوماتیک,"نقدی, قابل معاوضه",برای معاوضه
۱۷۰٬۰۰۰,1393,سفید صدفی,سالم,سالم و پلمپ,سالم و بی‌خط و خش,۱۲ ماه,دنده‌ای,نقدی,غیرقابل نمایش
۳۶۰,1399,سفید,سالم,سالم و پلمپ,سالم و بی‌خط و خش,۶ ماه,دنده‌ای,نقدی و قسطی,۲۷۶٬۰۰۰٬۰۰۰ تومان
۰,1401,سفید,سالم,سالم و پلمپ,سالم و بی‌خط و خش,۷ ماه,دنده‌ای,نقدی و قسطی,۳۴۷٬۰۰۰٬۰۰۰ تومان
۸۰٬۰۰۰,1395,سفید,سالم,سالم و پلمپ,سالم و بی‌خط و خش,۱۲ ماه,دنده‌ای,نقدی,۲۵۲٬۰۰۰٬۰۰۰ تومان
۰,1401,سفید,سالم,سالم و پلمپ,سالم و بی‌خط و خش,۷ ماه,دنده‌ای,نقدی و قسطی,۲۰۰٬۰۰۰٬۰۰۰ تومان
۰,1401,سفید,سالم,سالم و پلمپ,سالم و بی‌خط و خش,۱۱ ماه,دنده‌ای,نقدی و قسطی,۳۶۴٬۰۰۰٬۰۰۰ تومان
۰,1401,سفید,سالم,سالم و پلمپ,سالم و بی‌خط و خش,۱۲ ماه,اتوماتیک,نقدی,۷۸۰٬۰۰۰٬۰۰۰ تومان
۰,1400,سفید,سالم,سالم و پلمپ,سالم و بی‌خط و خش,۱۲ ماه,دنده‌ای,نقدی و قسطی,۲۰۵٬۵۰۰٬۰۰۰ تومان
۰,1401,سفید,سالم,سالم و پلمپ,سالم و بی‌خط و خش,۱۰ ماه,اتوماتیک,نقدی و قسطی,۸۰۹٬۰۰۰٬۰۰۰ تومان
۰,1401,خاکستری,سالم,سالم و پلمپ,سالم و بی‌خط و خش,۱۲ ماه,اتوماتیک,نقدی و قسطی,۴۷۰٬۰۰۰٬۰۰۰ تومان
۱۰۰٬۰۰۰,2016,نارنجی,سالم,سالم و پلمپ,صافکاری بی‌رنگ,۱ ماه,اتوماتیک,نقدی و قسطی,۷۹۲٬۰۰۰٬۰۰۰ تومان
۵۶٬۰۰۰,1395,سفید صدفی,سالم,سالم و پلمپ,سالم و بی‌خط و خش,۹ ماه,اتوماتیک,نقدی,توافقی
۰,1401,سفید,سالم,سالم و پلمپ,سالم و بی‌خط و خش,۱۲ ماه,دنده‌ای,نقدی,توافقی
۱۵۸٬۰۰۰,1395,قهوه‌ای,سالم,سالم و پلمپ,سالم و بی‌خط و خش,۱۰ ماه,اتوماتیک,نقدی و قسطی,۷۱۰٬۰۰۰٬۰۰۰ تومان
۰,1401,سفید,سالم,سالم و پلمپ,سالم و بی‌خط و خش,۶ ماه,دنده‌ای,نقدی,۳۱۵٬۰۰۰٬۰۰۰ تومان
۱۵۰٬۰۰۰,1395,سفید,سالم,سالم و پلمپ,سالم و بی‌خط و خش,۶ ماه,دنده‌ای,نقدی و قسطی,توافقی
۰,1401,سفید,سالم,سالم و پلمپ,سالم و بی‌خط و خش,۱۲ ماه,دنده‌ای,نقدی,۲۹۸٬۰۰۰٬۰۰۰ تومان
۷۱٬۵۰۰,2016,بژ,سالم,سالم و پلمپ,رنگ‌شدگی,۹ ماه,اتوماتیک,نقدی و قسطی,۴۵۶٬۰۰۰٬۰۰۰ تومان
۱۰۵,1399,سفید,سالم,سالم و پلمپ,سالم و بی‌خط و خش,۲ ماه,دنده‌ای,نقدی و قسطی,۴۴۲٬۰۰۰٬۰۰۰ تومان
۲۱۵٬۰۰۰,2013,سفید,سالم,سالم و پلمپ,خط و خش جزیی,۷ ماه,اتوماتیک,نقدی,توافقی
۹۳٬۰۰۰,1396,سفید,سالم,سالم و پلمپ,سالم و بی‌خط و خش,۵ ماه,دنده‌ای,نقدی,۲۵۸٬۰۰۰٬۰۰۰ تومان
۶۰٬۷۴۳,1397,سفید,سالم,سالم و پلمپ,رنگ‌شدگی,۹ ماه,دنده‌ای,نقدی و قسطی,۲۱۸٬۰۰۰٬۰۰۰ تومان
۰,1401,سفید,سالم,سالم و پلمپ,سالم و بی‌خط و خش,۱۲ ماه,دنده‌ای,نقدی,۱۹۰٬۰۰۰٬۰۰۰ تومان
۵۵٬۰۰۰,1397,سفید صدفی,سالم,سالم و پلمپ,خط و خش جزیی,۱۲ ماه,دنده‌ای,نقدی,۲۹۵٬۰۰۰٬۰۰۰ تومان
۴۵۳٬۰۰۰,1388,نقره‌ای,سالم,سالم و پلمپ,سالم و بی‌خط و خش,۷ ماه,دنده‌ای,نقدی,۸۴٬۰۰۰٬۰۰۰ تومان
۹۰٬۰۰۰,1394,سفید,سالم,سالم و پلمپ,سالم و بی‌خط و خش,۱۱ ماه,دنده‌ای,نقدی,۳۳۰٬۰۰۰٬۰۰۰ تومان
۰,1401,آبی,سالم,سالم و پلمپ,سالم و بی‌خط و خش,۱۲ ماه,دنده‌ای,نقدی,۳۴۰٬۰۰۰٬۰۰۰ تومان
۲۰۰٬۰۰۰,2008,آبی,سالم,سالم و پلمپ,سالم و بی‌خط و خش,۴ ماه,اتوماتیک,نقدی,۶۰۰٬۰۰۰٬۰۰۰ تومان
۸٬۰۰۰,1400,مشکی,سالم,سالم و پلمپ,سالم و بی‌خط و خش,۱۱ ماه,اتوماتیک,نقدی,۱٬۰۴۰٬۰۰۰٬۰۰۰ تومان
۴۲٬۰۰۰,1395,آبی,سالم,سالم و پلمپ,خط و خش جزیی,۵ ماه,دنده‌ای,نقدی,۲۴۳٬۰۰۰٬۰۰۰ تومان
۳۳٬۰۰۰,1399,سفید,سالم,سالم و پلمپ,سالم و بی‌خط و خش,۱۰ ماه,اتوماتیک,نقدی,۴۸۵٬۰۰۰٬۰۰۰ تومان
۰,1401,سفید صدفی,سالم,سالم و پلمپ,سالم و بی‌خط و خش,۱۲ ماه,دنده‌ای,نقدی,توافقی
۰,1401,سفید,سالم,سالم و پلمپ,سالم و بی‌خط و خش,۱۲ ماه,دنده‌ای,نقدی,توافقی
۳۰۰,1401,مشکی,سالم,سالم و پلمپ,سالم و بی‌خط و خش,۱۲ ماه,اتوماتیک,نقدی,۱٬۸۴۵٬۰۰۰٬۰۰۰ تومان
۱۵۹٬۰۰۰,1389,سفید صدفی,سالم,سالم و پلمپ,سالم و بی‌خط و خش,۱۱ ماه,دنده‌ای,نقدی,۱۶۴٬۰۰۰٬۰۰۰ تومان
۸٬۰۰۰,1400,مشکی,سالم,سالم و پلمپ,سالم و بی‌خط و خش,۱۲ ماه,اتوماتیک,نقدی,۱٬۰۴۰٬۰۰۰٬۰۰۰ تومان
۹۰٬۰۰۰,1397,مشکی,سالم,سالم و پلمپ,سالم و بی‌خط و خش,۱۲ ماه,اتوماتیک,نقدی,۶۵۴٬۰۰۰٬۰۰۰ تومان
۸۹٬۰۰۰,1397,مشکی,سالم,سالم و پلمپ,سالم و بی‌خط و خش,۱۰ ماه,اتوماتیک,نقدی,۶۵۰٬۰۰۰٬۰۰۰ تومان
۱۲٬۰۰۰,1400,مشکی,سالم,سالم و پلمپ,سالم و بی‌خط و خش,۳ ماه,دنده‌ای,نقدی,۱۹۲٬۰۰۰٬۰۰۰ تومان
۰,1401,آبی,سالم,سالم و پلمپ,سالم و بی‌خط و خش,۱۲ ماه,دنده‌ای,نقدی,توافقی
۴۴٬۰۰۰,1384,خاکستری,سالم,سالم و پلمپ,خط و خش جزیی,۵ ماه,دنده‌ای,نقدی,غیرقابل نمایش
۰,1401,سفید,سالم,سالم و پلمپ,سالم و بی‌خط و خش,۱۲ ماه,دنده‌ای,نقدی,توافقی
۱۳٬۶۰۰,1399,نقره‌ای,سالم,سالم و پلمپ,سالم و بی‌خط و خش,۴ ماه,اتوماتیک,نقدی,۴۴۵٬۰۰۰٬۰۰۰ تومان
۱۰۰٬۰۰۰,1397,سفید,سالم,سالم و پلمپ,خط و خش جزیی,۸ ماه,دنده‌ای,نقدی,۱۶۸٬۰۰۰٬۰۰۰ تومان
۱٬۵۰۰,1389,خاکستری,سالم,سالم و پلمپ,سالم و بی‌خط و خش,۶ ماه,دنده‌ای,نقدی,۱۴۶٬۰۰۰٬۰۰۰ تومان
۲۸۵٬۰۰۰,1381,عنابی,سالم,سالم و پلمپ,خط و خش جزیی,۱۲ ماه,دنده‌ای,نقدی,غیرقابل نمایش
۱۲۷٬۰۰۰,1397,خاکستری,سالم,سالم و پلمپ,سالم و بی‌خط و خش,۴ ماه,دنده‌ای,نقدی,۱۹۸٬۰۰۰٬۰۰۰ تومان
۵۴٬۰۰۰,1398,سفید,سالم,سالم و پلمپ,سالم و بی‌خط و خش,۱۱ ماه,دنده‌ای,نقدی,توافقی
۰,1401,سفید,سالم,سالم و پلمپ,سالم و بی‌خط و خش,۱۲ ماه,اتوماتیک,قسطی,۴۹۸٬۰۰۰٬۰۰۰ تومان
۱۰۵٬۰۰۰,1395,نقره‌ای,سالم,سالم و پلمپ,خط و خش جزیی,۷ ماه,اتوماتیک,نقدی,۴۱۵٬۰۰۰٬۰۰۰ تومان
۰,1401,مشکی,سالم,سالم و پلمپ,سالم و بی‌خط و خش,۱۲ ماه,اتوماتیک,نقدی و قسطی,۹۰۰٬۰۰۰٬۰۰۰ تومان
۱۱۰٬۰۰۰,1387,قهوه‌ای,سالم,ضربه‌خورده,رنگ‌شدگی,۹ ماه,دنده‌ای,نقدی,۱۵۰٬۰۰۰٬۰۰۰ تومان
۵۷٬۰۰۰,1397,سفید,سالم,سالم و پلمپ,خط و خش جزیی,۹ ماه,اتوماتیک,"نقدی, قابل معاوضه",برای معاوضه
۶٬۰۰۰,1400,مشکی,سالم,سالم و پلمپ,سالم و بی‌خط و خش,۱۰ ماه,اتوماتیک,نقدی,۶۷۷٬۹۰۰٬۰۰۰ تومان
۱۰۰٬۰۰۰,1398,سفید,سالم,سالم و پلمپ,سالم و بی‌خط و خش,۱۲ ماه,دنده‌ای,نقدی,۲۹۵٬۰۰۰٬۰۰۰ تومان
۲۷۰٬۰۰۰,1386,نقره‌ای,سالم,سالم و پلمپ,سالم و بی‌خط و خش,۷ ماه,دنده‌ای,نقدی,۴٬۸۰۰٬۰۰۰٬۰۰۰ تومان
۱۴۵٬۰۰۰,1387,سفید,سالم,سالم و پلمپ,خط و خش جزیی,۷ ماه,دنده‌ای,نقدی,۱۵۵٬۰۰۰٬۰۰۰ تومان
۷۴٬۰۰۰,1396,سفید صدفی,سالم,سالم و پلمپ,سالم و بی‌خط و خش,۵ ماه,دنده‌ای,نقدی,۲۴۳٬۰۰۰٬۰۰۰ تومان
۰,1401,سفید,سالم,سالم و پلمپ,سالم و بی‌خط و خش,۱۲ ماه,دنده‌ای,نقدی و قسطی,توافقی
۱۶٬۰۰۰,1398,سفید,سالم,سالم و پلمپ,سالم و بی‌خط و خش,۱۲ ماه,اتوماتیک,نقدی,۱٬۱۴۵٬۰۰۰٬۰۰۰ تومان
۲۵۰٬۰۰۰,1388,خاکستری,سالم,سالم و پلمپ,خط و خش جزیی,۱۲ ماه,دنده‌ای,نقدی,۹۳٬۰۰۰٬۰۰۰ تومان
۱۱۰٬۰۰۰,1395,سفید,سالم,سالم و پلمپ,خط و خش جزیی,۱۱ ماه,دنده‌ای,نقدی,غیرقابل نمایش
۱۸۰٬۰۰۰,1385,نقره‌ای,سالم,سالم و پلمپ,ضربه‌خورده,دوررنگ,۱۰ ماه,دنده‌ای,نقدی
۳۵۰٬۰۰۰,1383,سفید,سالم,ضربه‌خورده,سالم و پلمپ,دوررنگ,۶ ماه,دنده‌ای,نقدی
۳۲٬۰۰۰,1399,سفید,سالم,سالم و پلمپ,سالم و بی‌خط و خش,۶ ماه,اتوماتیک,نقدی,۶۲۰٬۰۰۰٬۰۰۰ تومان
۵۰,1399,سفید,سالم,سالم و پلمپ,سالم و بی‌خط و خش,۱۱ ماه,دنده‌ای,نقدی,توافقی
۰,1401,سفید,سالم,سالم و پلمپ,سالم و بی‌خط و خش,۱۲ ماه,دنده‌ای,قسطی,توافقی
۶٬۸۰۰,1401,سفید,سالم,سالم و پلمپ,سالم و بی‌خط و خش,۵ ماه,دنده‌ای,نقدی,۳۹۲٬۰۰۰٬۰۰۰ تومان
۰,1401,آبی,سالم,سالم و پلمپ,سالم و بی‌خط و خش,۱۲ ماه,دنده‌ای,نقدی و قسطی,توافقی
۲۶۰,1401,سفید,سالم,سالم و پلمپ,سالم و بی‌خط و خش,۱۱ ماه,اتوماتیک,نقدی,۵۱۰٬۰۰۰٬۰۰۰ تومان
۰,1401,مشکی,سالم,سالم و پلمپ,سالم و بی‌خط و خش,۱۲ ماه,اتوماتیک,نقدی,توافقی
۰,1401,سفید,سالم,سالم و پلمپ,سالم و بی‌خط و خش,۱۲ ماه,دنده‌ای,نقدی و قسطی,۱۸۰٬۰۰۰٬۰۰۰ تومان
۷٬۵۰۰,1400,سفید,سالم,سالم و پلمپ,سالم و بی‌خط و خش,۱۱ ماه,دنده‌ای,نقدی,۱۹۵٬۰۰۰٬۰۰۰ تومان
۱۲۰٬۰۰۰,1390,سفید,سالم,سالم و پلمپ,رنگ‌شدگی,۶ ماه,دنده‌ای,قسطی,۱۸۰٬۰۰۰٬۰۰۰ تومان
۱۶۰٬۰۰۰,1396,سفید,سالم,سالم و پلمپ,رنگ‌شدگی، در ۲ ناحیه,۱۲ ماه,اتوماتیک,نقدی,۵۹۰٬۰۰۰٬۰۰۰ تومان
۹٬۱۰۰,1399,خاکستری,سالم,سالم و پلمپ,سالم و بی‌خط و خش,۶ ماه,اتوماتیک,نقدی,۹۲۰٬۰۰۰٬۰۰۰ تومان
۴۰۰٬۰۰۰,1383,یشمی,سالم,سالم و پلمپ,خط و خش جزیی,۱۲ ماه,دنده‌ای,نقدی,۴۰٬۰۰۰٬۰۰۰ تومان
۳۸٬۰۰۰,1399,خاکستری,سالم,سالم و پلمپ,سالم و بی‌خط و خش,۶ ماه,دنده‌ای,نقدی,۲۵۵٬۰۰۰٬۰۰۰ تومان
۱,1401,سفید,سالم,سالم و پلمپ,سالم و بی‌خط و خش,۱۱ ماه,دنده‌ای,نقدی و قسطی,۴۰۷٬۰۰۰٬۰۰۰ تومان
۱۱۷٬۰۰۰,1397,سفید صدفی,سالم,سالم و پلمپ,صافکاری بی‌رنگ,۱۲ ماه,دنده‌ای,نقدی,۳۰۸٬۰۰۰٬۰۰۰ تومان
۴۴٬۰۰۰,2017,سفید صدفی,سالم,سالم و پلمپ,سالم و بی‌خط و خش,۴ ماه,اتوماتیک,نقدی,۱٬۸۵۰٬۰۰۰٬۰۰۰ تومان
۱۲۰٬۰۰۰,2013,سفید صدفی,سالم,سالم و پلمپ,سالم و بی‌خط و خش,۸ ماه,اتوماتیک,نقدی,۱٬۵۹۰٬۰۰۰٬۰۰۰ تومان
۱۵۰٬۰۰۰,2012,سفید,سالم,سالم و پلمپ,سالم و بی‌خط و خش,۷ ماه,اتوماتیک,نقدی,۲٬۴۳۰٬۰۰۰٬۰۰۰ تومان
۳۲٬۰۰۰,1399,سفید,سالم,سالم و پلمپ,سالم و بی‌خط و خش,۳ ماه,دنده‌ای,نقدی,۲۵۷٬۰۰۰٬۰۰۰ تومان
۳۱۰٬۰۰۰,1380,مشکی,سالم,سالم و پلمپ,رنگ‌شدگی,۱ ماه,دنده‌ای,نقدی,۷۸٬۵۰۰٬۰۰۰ تومان
۳۸٬۰۰۰,1398,سفید,سالم,سالم و پلمپ,خط و خش جزیی,۵ ماه,اتوماتیک,نقدی,۹۸۰٬۰۰۰٬۰۰۰ تومان
۱۵۰٬۰۰۰,1395,سفید,سالم,سالم و پلمپ,سالم و بی‌خط و خش,۱۲ ماه,دنده‌ای,نقدی و قسطی,۲۲۵٬۰۰۰٬۰۰۰ تومان
۱۴۵٬۰۰۰,1393,سفید,سالم,سالم و پلمپ,دوررنگ,۵ ماه,دنده‌ای,نقدی و قسطی,۲۰۰٬۰۰۰٬۰۰۰ تومان
۸۲٬۰۰۰,1397,سفید صدفی,سالم,سالم و پلمپ,خط و خش جزیی,۷ ماه,دنده‌ای,نقدی,۴۰۰٬۰۰۰٬۰۰۰ تومان
۰,1400,سفید صدفی,سالم,سالم و پلمپ,سالم و بی‌خط و خش,۳ ماه,دنده‌ای,نقدی,۴۱۰٬۰۰۰٬۰۰۰ تومان
۱,1401,سفید,سالم,سالم و پلمپ,سالم و بی‌خط و خش,۱۲ ماه,دنده‌ای,نقدی و قسطی,۲۰۲٬۰۰۰٬۰۰۰ تومان
۹۸٬۰۰۰,2014,سفید,سالم,سالم و پلمپ,سالم و بی‌خط و خش,۶ ماه,اتوماتیک,نقدی,۱٬۲۰۰٬۰۰۰٬۰۰۰ تومان
۱۷٬۰۰۰,1399,سفید,سالم,سالم و پلمپ,سالم و بی‌خط و خش,۶ ماه,دنده‌ای,نقدی,۳۳۵٬۰۰۰٬۰۰۰ تومان
۰,1401,آبی,سالم,سالم و پلمپ,سالم و بی‌خط و خش,۱۲ ماه,دنده‌ای,نقدی و قسطی,توافقی
۰,1400,آبی,سالم,سالم و پلمپ,سالم و بی‌خط و خش,۱۲ ماه,اتوماتیک,نقدی و قسطی,۳۸۰٬۰۰۰٬۰۰۰ تومان
۰,1401,سفید,سالم,سالم و پلمپ,سالم و بی‌خط و خش,۱۲ ماه,اتوماتیک,قسطی,توافقی
۰,1401,خاکستری,سالم,سالم و پلمپ,سالم و بی‌خط و خش,۱۲ ماه,دنده‌ای,نقدی,۳۰۵٬۰۰۰٬۰۰۰ تومان
۵۳٬۰۰۰,1395,آبی,سالم,سالم و پلمپ,سالم و بی‌خط و خش,۵ ماه,اتوماتیک,نقدی,توافقی
۱۸۸٬۰۰۰,1388,مشکی,سالم,سالم و پلمپ,رنگ‌شدگی,۱ ماه,دنده‌ای,نقدی,۱۴۵٬۰۰۰٬۰۰۰ تومان
۱۲۳٬۴۴۵,1386,سفید,سالم,سالم و پلمپ,رنگ‌شدگی,۸ ماه,دنده‌ای,نقدی,۶۸٬۱۲۳٬۴۵۶ تومان
۰,1401,خاکستری,سالم,سالم و پلمپ,سالم و بی‌خط و خش,۱۲ ماه,اتوماتیک,نقدی,توافقی
۲۵۰٬۰۰۰,1388,سفید,سالم,سالم و پلمپ,سالم و بی‌خط و خش,۸ ماه,دنده‌ای,نقدی,توافقی
۲۶۰٬۰۰۰,1383,مشکی,سالم,سالم و پلمپ,رنگ‌شدگی,۶ ماه,دنده‌ای,نقدی,۱۵۸٬۰۰۰٬۰۰۰ تومان
۲۵۰٬۰۰۰,1395,سفید,سالم,سالم و پلمپ,سالم و بی‌خط و خش,۱۲ ماه,دنده‌ای,نقدی,۱۵۵٬۰۰۰٬۰۰۰ تومان
۵۳٬۰۰۰,2016,سفید صدفی,سالم,سالم و پلمپ,سالم و بی‌خط و خش,۸ ماه,اتوماتیک,نقدی,توافقی
۲۷٬۰۰۰,1397,سفید,سالم,سالم و پلمپ,سالم و بی‌خط و خش,۴ ماه,دنده‌ای,نقدی,۲۸۴٬۰۰۰٬۰۰۰ تومان
۶۹٬۰۰۰,1396,سفید,سالم,سالم و پلمپ,سالم و بی‌خط و خش,۵ ماه,دنده‌ای,نقدی,غیرقابل نمایش
۰,1401,سفید,سالم,سالم و پلمپ,سالم و بی‌خط و خش,۱۲ ماه,دنده‌ای,نقدی,۲۰۴٬۰۰۰٬۰۰۰ تومان
۱,1399,سفید,سالم,سالم و پلمپ,سالم و بی‌خط و خش,۶ ماه,دنده‌ای,نقدی,توافقی
۸۶٬۰۰۰,1397,مشکی,سالم,سالم و پلمپ,سالم و بی‌خط و خش,۵ ماه,اتوماتیک,نقدی,۴۳۵٬۰۰۰٬۰۰۰ تومان
۰,1401,سفید,سالم,سالم و پلمپ,سالم و بی‌خط و خش,۱۲ ماه,دنده‌ای,نقدی و قسطی,توافقی
۲۲۰٬۰۰۰,1388,سفید,سالم,سالم و پلمپ,سالم و بی‌خط و خش,۹ ماه,دنده‌ای,نقدی,۱۵۲٬۰۰۰٬۰۰۰ تومان
۱۰٬۰۰۰,1399,سفید,سالم,سالم و پلمپ,سالم و بی‌خط و خش,۷ ماه,دنده‌ای,نقدی,۱۸۳٬۰۰۰٬۰۰۰ تومان
۳۰٬۰۰۰,1397,سفید,سالم,سالم و پلمپ,سالم و بی‌خط و خش,۱۰ ماه,دنده‌ای,نقدی,توافقی
۴۴۰٬۰۰۰,1385,نقره‌ای,سالم,سالم و پلمپ,ضربه‌خورده,تصادفی,۴ ماه,دنده‌ای,نقدی
۱۷٬۵۰۰,1399,سفید,سالم,سالم و پلمپ,سالم و بی‌خط و خش,۶ ماه,دنده‌ای,نقدی,۳۷۲٬۰۰۰٬۰۰۰ تومان
۱۲۰٬۰۰۰,1386,نوک‌مدادی,سالم,سالم و پلمپ,خط و خش جزیی,۶ ماه,دنده‌ای,نقدی,۳۳۵٬۰۰۰٬۰۰۰ تومان
۱۹٬۰۰۰,1400,خاکستری,سالم,سالم و پلمپ,سالم و بی‌خط و خش,۴ ماه,اتوماتیک,نقدی,۴۷۸٬۰۰۰٬۰۰۰ تومان
۰,1401,سفید,سالم,سالم و پلمپ,سالم و بی‌خط و خش,۱۱ ماه,دنده‌ای,قسطی,۱۰۳٬۰۰۰٬۰۰۰ تومان
۰,1401,مشکی,سالم,سالم و پلمپ,سالم و بی‌خط و خش,۱۲ ماه,اتوماتیک,نقدی و قسطی,۱٬۲۷۰٬۰۰۰٬۰۰۰ تومان
۱۳۰٬۰۰۰,1395,مشکی,سالم,سالم و پلمپ,سالم و بی‌خط و خش,۶ ماه,دنده‌ای,نقدی,۲۴۲٬۰۰۰٬۰۰۰ تومان
۴۷۰٬۰۰۰,1382,مشکی,سالم,سالم و پلمپ,خط و خش جزیی,۱۲ ماه,دنده‌ای,نقدی,۵۴٬۰۰۰٬۰۰۰ تومان
۰,1400,مشکی,سالم,سالم و پلمپ,سالم و بی‌خط و خش,۳ ماه,دنده‌ای,نقدی,۳۸۹٬۰۰۰٬۰۰۰ تومان
۰,1401,سفید,سالم,سالم و پلمپ,سالم و بی‌خط و خش,۱۲ ماه,اتوماتیک,نقدی و قسطی,۱٬۲۲۰٬۰۰۰٬۰۰۰ تومان
۲۹٬۰۰۰,1399,سفید,سالم,سالم و پلمپ,خط و خش جزیی,۴ ماه,دنده‌ای,نقدی و قسطی,۳۴۰٬۰۰۰٬۰۰۰ تومان
۰,1401,مشکی,سالم,سالم و پلمپ,سالم و بی‌خط و خش,۱۲ ماه,اتوماتیک,نقدی,۱٬۱۶۵٬۰۰۰٬۰۰۰ تومان
۰,1401,سفید,سالم,سالم و پلمپ,سالم و بی‌خط و خش,۱۲ ماه,اتوماتیک,نقدی و قسطی,۱٬۱۶۰٬۰۰۰٬۰۰۰ تومان
۱۶۰٬۰۰۰,2010,مشکی,سالم,سالم و پلمپ,سالم و بی‌خط و خش,۶ ماه,اتوماتیک,نقدی,۱٬۶۰۰٬۰۰۰٬۰۰۰ تومان
۱۲۵٬۰۰۰,1393,سفید,سالم,سالم و پلمپ,خط و خش جزیی,۶ ماه,دنده‌ای,"نقدی, قابل معاوضه",برای معاوضه
۸۴٬۰۰۰,1395,سفید,سالم,سالم و پلمپ,سالم و بی‌خط و خش,۶ ماه,دنده‌ای,نقدی,توافقی
۱۳٬۰۰۰,1395,سفید,سالم,سالم و پلمپ,سالم و بی‌خط و خش,۴ ماه,دنده‌ای,نقدی و قسطی,۱۴۵٬۰۰۰٬۰۰۰ تومان
۲۳۰٬۰۰۰,1391,نوک‌مدادی,سالم,سالم و پلمپ,خط و خش جزیی,۶ ماه,دنده‌ای,نقدی,توافقی
۳۳٬۰۰۰,1399,سفید,سالم,سالم و پلمپ,سالم و بی‌خط و خش,۶ ماه,اتوماتیک,نقدی,۴۶۰٬۰۰۰٬۰۰۰ تومان
۶۰٬۰۰۰,1396,سفید,سالم,سالم و پلمپ,سالم و بی‌خط و خش,۶ ماه,اتوماتیک,نقدی و قسطی,۱٬۰۵۵٬۰۰۰٬۰۰۰ تومان
۰,1401,آبی,سالم,سالم و پلمپ,سالم و بی‌خط و خش,۱۲ ماه,دنده‌ای,نقدی,توافقی
۰,1401,مشکی,سالم,سالم و پلمپ,سالم و بی‌خط و خش,۱۲ ماه,دنده‌ای,"نقدی و قسطی, قابل معاوضه",برای معاوضه
۳۵۰٬۰۰۰,1381,مشکی,سالم,سالم و پلمپ,دوررنگ,۱۲ ماه,دنده‌ای,نقدی,۸۵٬۰۰۰٬۰۰۰ تومان
۳۹٬۰۰۰,1397,قهوه‌ای,سالم,سالم و پلمپ,سالم و بی‌خط و خش,۶ ماه,اتوماتیک,نقدی,۹۲۵٬۰۰۰٬۰۰۰ تومان
۰,1400,سفید,سالم,سالم و پلمپ,سالم و بی‌خط و خش,۱۲ ماه,دنده‌ای,نقدی و قسطی,توافقی
۱۴۰٬۰۰۰,1396,سفید,سالم,سالم و پلمپ,رنگ‌شدگی,۴ ماه,دنده‌ای,نقدی,توافقی
۰,1400,سفید صدفی,سالم,سالم و پلمپ,سالم و بی‌خط و خش,۱۲ ماه,دنده‌ای,نقدی,توافقی
۲۸۰٬۰۰۰,1385,سفید,سالم,سالم و پلمپ,خط و خش جزیی,۲ ماه,دنده‌ای,نقدی,توافقی
۱۰۶٬۰۰۰,1395,خاکستری,سالم,سالم و پلمپ,سالم و بی‌خط و خش,۵ ماه,اتوماتیک,نقدی,۲۷۰٬۰۰۰٬۰۰۰ تومان
۰,1401,سفید,سالم,سالم و پلمپ,سالم و بی‌خط و خش,۱۲ ماه,دنده‌ای,نقدی,۱۷۱٬۰۰۰٬۰۰۰ تومان
۱۰۰٬۰۰۰,2013,خاکستری,سالم,سالم و پلمپ,سالم و بی‌خط و خش,۱۰ ماه,اتوماتیک,نقدی,۱٬۲۳۰٬۰۰۰٬۰۰۰ تومان
۲۵۰٬۰۰۰,1386,نقره‌ای,سالم,سالم و پلمپ,دوررنگ,۱۲ ماه,دنده‌ای,نقدی,۶۸٬۰۰۰٬۰۰۰ تومان
۳۰٬۰۰۰,1399,مشکی,سالم,سالم و پلمپ,سالم و بی‌خط و خش,۵ ماه,دنده‌ای,نقدی,۳۰۸٬۰۰۰٬۰۰۰ تومان
۱۷۰٬۰۰۰,1386,خاکستری,سالم,سالم و پلمپ,رنگ‌شدگی,۶ ماه,اتوماتیک,نقدی,۶۳۰٬۰۰۰٬۰۰۰ تومان
۰,1401,سفید,سالم,سالم و پلمپ,سالم و بی‌خط و خش,۱۲ ماه,دنده‌ای,نقدی,توافقی
۶۳٬۰۰۰,1397,مشکی,سالم,سالم و پلمپ,سالم و بی‌خط و خش,۷ ماه,اتوماتیک,نقدی,۶۰۰٬۰۰۰٬۰۰۰ تومان
۰,1401,مشکی,سالم,سالم و پلمپ,سالم و بی‌خط و خش,۱۲ ماه,دنده‌ای,نقدی,توافقی
۱۵۵٬۰۰۰,2011,مشکی,سالم,سالم و پلمپ,سالم و بی‌خط و خش,۱۱ ماه,اتوماتیک,نقدی,۲٬۸۵۰٬۰۰۰٬۰۰۰ تومان
۱۰۰٬۰۰۰,2017,سفید,سالم,ضربه‌خورده,سالم و پلمپ,دوررنگ,۱۲ ماه,اتوماتیک,نقدی
۱۱۰٬۰۰۰,2015,سفید,سالم,سالم و پلمپ,سالم و بی‌خط و خش,۶ ماه,اتوماتیک,نقدی,توافقی
۹,1401,خاکستری,سالم,سالم و پلمپ,سالم و بی‌خط و خش,۱۲ ماه,اتوماتیک,نقدی,۱٬۷۹۰٬۰۰۰٬۰۰۰ تومان
۳۱۶٬۰۰۰,1393,سفید,سالم,سالم و پلمپ,رنگ‌شدگی,۹ ماه,دنده‌ای,نقدی,۲۰۰٬۰۰۰٬۰۰۰ تومان
۷۰٬۰۰۰,1397,مشکی,سالم,سالم و پلمپ,رنگ‌شدگی,۱۱ ماه,اتوماتیک,نقدی,۷۰۰٬۰۰۰٬۰۰۰ تومان
۰,1401,سفید,سالم,سالم و پلمپ,سالم و بی‌خط و خش,۱۲ ماه,دنده‌ای,نقدی,۳۸۱٬۰۰۰٬۰۰۰ تومان
۱,1401,سفید,سالم,سالم و پلمپ,سالم و بی‌خط و خش,۱۱ ماه,اتوماتیک,نقدی,۷۶۰٬۰۰۰٬۰۰۰ تومان
۱۲,1401,آلبالویی,سالم,سالم و پلمپ,سالم و بی‌خط و خش,۱۲ ماه,اتوماتیک,نقدی,۶۴۱٬۰۰۰٬۰۰۰ تومان
۳,1401,اطلسی,سالم,سالم و پلمپ,سالم و بی‌خط و خش,۱۲ ماه,اتوماتیک,قسطی,۸۹۷٬۰۰۰٬۰۰۰ تومان
۷۰٬۰۰۰,2017,سفید,سالم,سالم و پلمپ,سالم و بی‌خط و خش,۱۰ ماه,اتوماتیک,نقدی,۱٬۶۲۰٬۰۰۰٬۰۰۰ تومان
۰,1401,سفید,سالم,سالم و پلمپ,سالم و بی‌خط و خش,۱۲ ماه,اتوماتیک,نقدی,توافقی
۱,1401,سفید,سالم,سالم و پلمپ,سالم و بی‌خط و خش,۱۲ ماه,اتوماتیک,نقدی و قسطی,۳۸۵٬۰۰۰٬۰۰۰ تومان
۱۰۰٬۰۰۰,2016,مشکی,سالم,سالم و پلمپ,سالم و بی‌خط و خش,۱ ماه,اتوماتیک,نقدی,توافقی
۱۸۰٬۰۰۰,1391,سفید,سالم,سالم و پلمپ,رنگ‌شدگی,۱۲ ماه,دنده‌ای,نقدی,توافقی
۲۹٬۰۰۰,1399,مشکی,سالم,سالم و پلمپ,سالم و بی‌خط و خش,۶ ماه,اتوماتیک,نقدی,توافقی
۲,1401,مشکی,سالم,سالم و پلمپ,سالم و بی‌خط و خش,۱۲ ماه,اتوماتیک,نقدی و قسطی,۷۵۴٬۰۰۰٬۰۰۰ تومان
۴,1401,سفید صدفی,سالم,سالم و پلمپ,سالم و بی‌خط و خش,۶ ماه,اتوماتیک,نقدی و قسطی,۹۳۳٬۰۰۰٬۰۰۰ تومان
۱,1401,بژ,سالم,سالم و پلمپ,سالم و بی‌خط و خش,۱۲ ماه,اتوماتیک,نقدی و قسطی,۶۶۱٬۰۰۰٬۰۰۰ تومان
۱۳۵٬۰۰۰,1394,خاکستری,سالم,سالم و پلمپ,سالم و بی‌خط و خش,۱۰ ماه,دنده‌ای,نقدی,۲۲۴٬۰۰۰٬۰۰۰ تومان
۱,1401,سفید,سالم,سالم و پلمپ,سالم و بی‌خط و خش,۱۲ ماه,اتوماتیک,نقدی و قسطی,توافقی
۰,1401,مشکی,سالم,سالم و پلمپ,سالم و بی‌خط و خش,۱۲ ماه,دنده‌ای,نقدی,توافقی
۰,1401,سفید,سالم,سالم و پلمپ,سالم و بی‌خط و خش,۱۲ ماه,دنده‌ای,نقدی,۱۸۷٬۰۰۰٬۰۰۰ تومان
۷۹٬۰۰۰,2014,نقرآبی,سالم,سالم و پلمپ,سالم و بی‌خط و خش,۱۲ ماه,اتوماتیک,نقدی,توافقی
۰,1401,سفید,سالم,سالم و پلمپ,سالم و بی‌خط و خش,۱۲ ماه,دنده‌ای,نقدی,۲۸۴٬۰۰۰٬۰۰۰ تومان
۱,1401,سفید,سالم,سالم و پلمپ,سالم و بی‌خط و خش,۱۲ ماه,دنده‌ای,نقدی,۱۹۱٬۰۰۰٬۰۰۰ تومان
۱۲۵٬۰۰۰,1393,قهوه‌ای,سالم,سالم و پلمپ,خط و خش جزیی,۱۲ ماه,دنده‌ای,نقدی,۲۳۵٬۰۰۰٬۰۰۰ تومان
۰,1401,مشکی,سالم,سالم و پلمپ,سالم و بی‌خط و خش,۱۲ ماه,اتوماتیک,نقدی,توافقی
۱,1401,سفید صدفی,سالم,سالم و پلمپ,سالم و بی‌خط و خش,۱۲ ماه,اتوماتیک,نقدی و قسطی,۳۸۵٬۰۰۰٬۰۰۰ تومان
۱,1401,سفید,سالم,سالم و پلمپ,سالم و بی‌خط و خش,۱۲ ماه,دنده‌ای,نقدی,۲۸۸٬۰۰۰٬۰۰۰ تومان
۴۶٬۰۰۰,2017,سفید,سالم,سالم و پلمپ,سالم و بی‌خط و خش,۱۲ ماه,اتوماتیک,نقدی,توافقی
۰,1401,سفید,سالم,سالم و پلمپ,سالم و بی‌خط و خش,۱۲ ماه,دنده‌ای,نقدی,۳۵۹٬۰۰۰٬۰۰۰ تومان
۰,1401,سفید,سالم,سالم و پلمپ,سالم و بی‌خط و خش,۱۲ ماه,اتوماتیک,نقدی,توافقی
۰,1401,مشکی,سالم,سالم و پلمپ,سالم و بی‌خط و خش,۱۲ ماه,اتوماتیک,نقدی,توافقی
۳۳,1400,سفید,سالم,سالم و پلمپ,سالم و بی‌خط و خش,۱ ماه,دنده‌ای,نقدی,۲۷۸٬۰۰۰٬۰۰۰ تومان
۲۰۵٬۰۰۰,1387,نوک‌مدادی,سالم,سالم و پلمپ,صافکاری بی‌رنگ,۴ ماه,دنده‌ای,نقدی,۱۵۳٬۰۰۰٬۰۰۰ تومان
۴۰٬۰۰۰,1397,مشکی,سالم,سالم و پلمپ,سالم و بی‌خط و خش,۶ ماه,اتوماتیک,نقدی,توافقی
۲۴٬۰۰۰,1392,خاکستری,سالم,سالم و پلمپ,سالم و بی‌خط و خش,۱۲ ماه,دنده‌ای,نقدی,۱۸۸٬۰۰۰٬۰۰۰ تومان
۴۶٬۰۰۰,2017,سفید,سالم,سالم و پلمپ,سالم و بی‌خط و خش,۶ ماه,اتوماتیک,نقدی,توافقی
۹۰٬۰۰۰,1395,سفید,سالم,سالم و پلمپ,خط و خش جزیی,۶ ماه,اتوماتیک,نقدی,توافقی
۲۱۸٬۰۰۰,1389,سفید,سالم,سالم و پلمپ,خط و خش جزیی,۲ ماه,دنده‌ای,نقدی,۱۲۵٬۰۰۰٬۰۰۰ تومان
۲۶۰٬۰۰۰,1389,مشکی,سالم,سالم و پلمپ,سالم و بی‌خط و خش,۵ ماه,دنده‌ای,نقدی,۱۲۹٬۰۰۰٬۰۰۰ تومان
۹۵٬۰۰۰,2014,مشکی,سالم,سالم و پلمپ,سالم و بی‌خط و خش,۶ ماه,اتوماتیک,نقدی,توافقی
۸۷٬۵۰۰,1396,سفید,سالم,سالم و پلمپ,خط و خش جزیی,۸ ماه,اتوماتیک,نقدی,۷۳۰٬۰۰۰٬۰۰۰ تومان
۵۰٬۰۰۰,2017,مشکی,سالم,سالم و پلمپ,سالم و بی‌خط و خش,۶ ماه,اتوماتیک,"نقدی, قابل معاوضه",برای معاوضه
۷۵٬۰۰۰,2017,سفید,سالم,سالم و پلمپ,سالم و بی‌خط و خش,۹ ماه,اتوماتیک,نقدی,توافقی
۱۸۷٬۰۰۰,1389,خاکستری,سالم,سالم و پلمپ,دوررنگ,۵ ماه,دنده‌ای,نقدی,توافقی
۷۸٬۰۰۰,1397,سفید,سالم,سالم و پلمپ,رنگ‌شدگی,۱۰ ماه,اتوماتیک,نقدی,۴۹۹٬۰۰۰٬۰۰۰ تومان
۱۵۰٬۰۰۰,2012,سفید,سالم,سالم و پلمپ,سالم و بی‌خط و خش,۱ ماه,اتوماتیک,نقدی,توافقی
۲۰٬۰۰۰,1400,سفید,سالم,سالم و پلمپ,سالم و بی‌خط و خش,۸ ماه,دنده‌ای,نقدی و قسطی,۱۷۵٬۰۰۰٬۰۰۰ تومان
۴۰٬۰۰۰,1397,سفید,سالم,سالم و پلمپ,سالم و بی‌خط و خش,۸ ماه,دنده‌ای,نقدی و قسطی,۳۴۷٬۰۰۰٬۰۰۰ تومان
۲٬۸۰۰,1401,مشکی,سالم,سالم و پلمپ,سالم و بی‌خط و خش,۸ ماه,دنده‌ای,نقدی,۳۰۵٬۰۰۰٬۰۰۰ تومان
۲۵۵٬۰۰۰,1383,نقره‌ای,سالم,سالم و پلمپ,سالم و بی‌خط و خش,۱۰ ماه,اتوماتیک,نقدی,۵۱۰٬۰۰۰٬۰۰۰ تومان
۷٬۰۰۰,1401,سفید,سالم,سالم و پلمپ,سالم و بی‌خط و خش,۸ ماه,دنده‌ای,نقدی و قسطی,۳۶۵٬۰۰۰٬۰۰۰ تومان
۱۷۷٬۰۰۰,1388,مشکی,سالم,سالم و پلمپ,خط و خش جزیی,۶ ماه,دنده‌ای,نقدی,توافقی
۰,1401,خاکستری,سالم,سالم و پلمپ,سالم و بی‌خط و خش,۱۲ ماه,دنده‌ای,نقدی,توافقی
۰,1401,سفید,سالم,سالم و پلمپ,سالم و بی‌خط و خش,۱۲ ماه,اتوماتیک,نقدی,غیرقابل نمایش
۱۰٬۰۰۰,1399,مشکی,سالم,سالم و پلمپ,سالم و بی‌خط و خش,۸ ماه,اتوماتیک,نقدی,۸۵۰٬۰۰۰٬۰۰۰ تومان
۱۸۰٬۰۰۰,2009,سفید,سالم,سالم و پلمپ,رنگ‌شدگی,۱۱ ماه,اتوماتیک,نقدی,۱٬۱۵۰٬۰۰۰٬۰۰۰ تومان
۸۰٬۰۰۰,1398,سفید,سالم,سالم و پلمپ,سالم و بی‌خط و خش,۱۲ ماه,دنده‌ای,نقدی و قسطی,۲۶۰٬۰۰۰٬۰۰۰ تومان
۲۰۰٬۰۰۰,1387,مشکی,سالم,سالم و پلمپ,خط و خش جزیی,۶ ماه,اتوماتیک,قسطی,۱۸۵٬۰۰۰٬۰۰۰ تومان
۶۹٬۰۰۰,1398,سفید,سالم,سالم و پلمپ,سالم و بی‌خط و خش,۶ ماه,دنده‌ای,نقدی,توافقی
۰,1401,سفید,سالم,سالم و پلمپ,سالم و بی‌خط و خش,۱۲ ماه,دنده‌ای,نقدی و قسطی,توافقی
۱۰۰٬۰۰۰,1396,سفید,سالم,سالم و پلمپ,سالم و بی‌خط و خش,۸ ماه,اتوماتیک,نقدی و قسطی,۶۸۰٬۰۰۰٬۰۰۰ تومان
۷۰٬۰۰۰,1398,خاکستری,سالم,سالم و پلمپ,سالم و بی‌خط و خش,۶ ماه,دنده‌ای,نقدی,۲۸۱٬۰۰۰٬۰۰۰ تومان
۴۹٬۰۰۰,1397,خاکستری,سالم,سالم و پلمپ,خط و خش جزیی,۱۲ ماه,اتوماتیک,نقدی,۴۰۵٬۰۰۰٬۰۰۰ تومان
۸۰٬۰۰۰,1396,سفید,سالم,سالم و پلمپ,سالم و بی‌خط و خش,۸ ماه,اتوماتیک,نقدی و قسطی,۴۳۰٬۰۰۰٬۰۰۰ تومان
۸۰٬۰۰۰,1398,سفید,سالم,سالم و پلمپ,رنگ‌شدگی,۴ ماه,دنده‌ای,نقدی,۳۱۰٬۰۰۰٬۰۰۰ تومان
۱۴۲٬۰۰۰,1396,سفید,سالم,سالم و پلمپ,رنگ‌شدگی، در ۱ ناحیه,۸ ماه,دنده‌ای,نقدی,۱۴۳٬۰۰۰٬۰۰۰ تومان
۴۵٬۰۰۰,1396,سفید,سالم,سالم و پلمپ,سالم و بی‌خط و خش,۵ ماه,دنده‌ای,نقدی,۲۰۵٬۰۰۰٬۰۰۰ تومان
۰,1401,سفید,سالم,سالم و پلمپ,سالم و بی‌خط و خش,۱۲ ماه,دنده‌ای,نقدی و قسطی,۲۰۵٬۰۰۰٬۰۰۰ تومان
۰,1401,سفید,سالم,سالم و پلمپ,سالم و بی‌خط و خش,۱۲ ماه,دنده‌ای,نقدی و قسطی,۲۱۹٬۰۰۰٬۰۰۰ تومان
۰,1401,سفید,سالم,سالم و پلمپ,سالم و بی‌خط و خش,۱۲ ماه,دنده‌ای,نقدی و قسطی,۱۷۱٬۰۰۰٬۰۰۰ تومان
۱٬۰۰۰,1400,سفید,سالم,سالم و پلمپ,سالم و بی‌خط و خش,۶ ماه,دنده‌ای,نقدی,۲۹۰٬۰۰۰٬۰۰۰ تومان
۰,1401,سفید,سالم,سالم و پلمپ,سالم و بی‌خط و خش,۱۲ ماه,اتوماتیک,نقدی و قسطی,۲۸۰٬۰۰۰٬۰۰۰ تومان
۴۵٬۰۰۰,1398,سفید,سالم,سالم و پلمپ,سالم و بی‌خط و خش,۴ ماه,دنده‌ای,نقدی,۱۶۵٬۰۰۰٬۰۰۰ تومان
۰,1401,سفید,سالم,سالم و پلمپ,سالم و بی‌خط و خش,۱۲ ماه,دنده‌ای,نقدی و قسطی,۱۱۴٬۰۰۰٬۰۰۰ تومان
۰,1401,سفید,سالم,سالم و پلمپ,سالم و بی‌خط و خش,۱۲ ماه,دنده‌ای,نقدی و قسطی,۱۷۰٬۰۰۰٬۰۰۰ تومان
۱۳۰٬۰۰۰,2013,سفید صدفی,سالم,سالم و پلمپ,سالم و بی‌خط و خش,۷ ماه,اتوماتیک,نقدی,۱٬۲۹۰٬۰۰۰٬۰۰۰ تومان
۰,1401,سفید,سالم,سالم و پلمپ,سالم و بی‌خط و خش,۱۲ ماه,دنده‌ای,نقدی و قسطی,۲۱۹٬۰۰۰٬۰۰۰ تومان
۰,1401,سفید,سالم,سالم و پلمپ,سالم و بی‌خط و خش,۱۲ ماه,دنده‌ای,نقدی و قسطی,۲۰۵٬۰۰۰٬۰۰۰ تومان
۰,1401,سفید,سالم,سالم و پلمپ,سالم و بی‌خط و خش,۱۲ ماه,دنده‌ای,نقدی و قسطی,توافقی
۰,1401,سفید,سالم,سالم و پلمپ,سالم و بی‌خط و خش,۱۲ ماه,دنده‌ای,نقدی و قسطی,۱۶۵٬۰۰۰٬۰۰۰ تومان
۰,1401,مشکی,سالم,سالم و پلمپ,سالم و بی‌خط و خش,۱۲ ماه,دنده‌ای,نقدی و قسطی,۲۳۷٬۰۰۰٬۰۰۰ تومان
۰,1401,سفید,سالم,سالم و پلمپ,سالم و بی‌خط و خش,۱۲ ماه,دنده‌ای,نقدی و قسطی,۱۱۴٬۰۰۰٬۰۰۰ تومان
۰,1401,سفید,سالم,سالم و پلمپ,سالم و بی‌خط و خش,۱۲ ماه,اتوماتیک,نقدی و قسطی,۲۲۲٬۰۰۰٬۰۰۰ تومان
۰,1401,مشکی,سالم,سالم و پلمپ,سالم و بی‌خط و خش,۱۲ ماه,دنده‌ای,نقدی و قسطی,۲۳۷٬۰۰۰٬۰۰۰ تومان
۰,1401,سفید,سالم,سالم و پلمپ,سالم و بی‌خط و خش,۱۲ ماه,دنده‌ای,نقدی و قسطی,۱۶۵٬۰۰۰٬۰۰۰ تومان
۰,1401,مشکی,سالم,سالم و پلمپ,سالم و بی‌خط و خش,۱۲ ماه,دنده‌ای,نقدی و قسطی,۲۳۷٬۰۰۰٬۰۰۰ تومان
۰,1401,سفید,سالم,سالم و پلمپ,سالم و بی‌خط و خش,۱۲ ماه,دنده‌ای,نقدی و قسطی,۱۶۹٬۰۰۰٬۰۰۰ تومان
۰,1401,سفید,سالم,سالم و پلمپ,سالم و بی‌خط و خش,۱۲ ماه,دنده‌ای,نقدی و قسطی,۱۶۹٬۰۰۰٬۰۰۰ تومان
۰,1401,سفید صدفی,سالم,سالم و پلمپ,سالم و بی‌خط و خش,۱۲ ماه,دنده‌ای,نقدی و قسطی,۱۱۰٬۰۰۰٬۰۰۰ تومان
۰,1401,مشکی,سالم,سالم و پلمپ,سالم و بی‌خط و خش,۱۲ ماه,اتوماتیک,نقدی و قسطی,۲۸۰٬۰۰۰٬۰۰۰ تومان
۰,1401,سفید,سالم,سالم و پلمپ,سالم و بی‌خط و خش,۱۲ ماه,دنده‌ای,نقدی و قسطی,۲۰۵٬۰۰۰٬۰۰۰ تومان
۰,1401,سفید,سالم,سالم و پلمپ,سالم و بی‌خط و خش,۱۱ ماه,دنده‌ای,قسطی,۱۰۴٬۰۰۰٬۰۰۰ تومان
۲۱٬۰۰۰,1400,مشکی,سالم,سالم و پلمپ,سالم و بی‌خط و خش,۳ ماه,دنده‌ای,نقدی,۳۶۸٬۰۰۰٬۰۰۰ تومان
۵۰٬۰۰۰,2018,سفید,سالم,سالم و پلمپ,سالم و بی‌خط و خش,۶ ماه,اتوماتیک,نقدی,توافقی
۷۰٬۰۰۰,1398,سفید,سالم,سالم و پلمپ,سالم و بی‌خط و خش,۵ ماه,دنده‌ای,نقدی,۲۵۵٬۰۰۰٬۰۰۰ تومان
۱۹۵٬۰۰۰,1387,سفید,سالم,سالم و پلمپ,خط و خش جزیی,۶ ماه,دنده‌ای,نقدی,۸۵٬۰۰۰٬۰۰۰ تومان
۱۶۸٬۰۰۰,1398,سفید,سالم,سالم و پلمپ,سالم و بی‌خط و خش,۳ ماه,دنده‌ای,نقدی,۱۴۸٬۰۰۰٬۰۰۰ تومان
۲۹۰٬۰۰۰,1385,مشکی,سالم,سالم و پلمپ,خط و خش جزیی,۱۰ ماه,دنده‌ای,نقدی,۷۰٬۰۰۰٬۰۰۰ تومان
۰,1401,سفید,سالم,سالم و پلمپ,سالم و بی‌خط و خش,۱۲ ماه,دنده‌ای,قسطی,توافقی
۰,1401,سفید,سالم,سالم و پلمپ,سالم و بی‌خط و خش,۱۲ ماه,دنده‌ای,قسطی,توافقی
۱۶۰٬۰۰۰,1396,سفید,سالم,سالم و پلمپ,سالم و بی‌خط و خش,۱۱ ماه,دنده‌ای,نقدی,۱۳۵٬۰۰۰٬۰۰۰ تومان
۸۰٬۰۰۰,1397,سفید صدفی,سالم,سالم و پلمپ,سالم و بی‌خط و خش,۷ ماه,دنده‌ای,نقدی,۱۶۸٬۰۰۰٬۰۰۰ تومان
۸٬۵۰۰,1399,مشکی,سالم,سالم و پلمپ,سالم و بی‌خط و خش,۵ ماه,اتوماتیک,نقدی,۸۷۰٬۰۰۰٬۰۰۰ تومان
۰,1401,سفید,سالم,سالم و پلمپ,سالم و بی‌خط و خش,۱۲ ماه,دنده‌ای,نقدی و قسطی,توافقی
۰,1401,خاکستری,سالم,سالم و پلمپ,سالم و بی‌خط و خش,۱۲ ماه,دنده‌ای,نقدی,توافقی
۴۰٬۰۰۰,1399,سفید,سالم,سالم و پلمپ,خط و خش جزیی,۶ ماه,دنده‌ای,نقدی,۱۸۲٬۰۰۰٬۰۰۰ تومان
۱۱۴٬۰۰۰,1395,سفید,سالم,سالم و پلمپ,خط و خش جزیی,۳ ماه,دنده‌ای,نقدی,۱۴۳٬۰۰۰٬۰۰۰ تومان
۹۹٬۰۰۰,2015,سفید,سالم,سالم و پلمپ,سالم و بی‌خط و خش,۸ ماه,اتوماتیک,نقدی,۱٬۵۰۰٬۰۰۰٬۰۰۰ تومان
۰,1401,خاکستری,سالم,سالم و پلمپ,سالم و بی‌خط و خش,۱۲ ماه,دنده‌ای,نقدی,توافقی
۰,1401,سفید,سالم,سالم و پلمپ,سالم و بی‌خط و خش,۱۲ ماه,دنده‌ای,نقدی,توافقی
۰,1401,قرمز,سالم,سالم و پلمپ,سالم و بی‌خط و خش,۱۲ ماه,دنده‌ای,نقدی,توافقی
۰,1401,سفید صدفی,سالم,سالم و پلمپ,سالم و بی‌خط و خش,۱۲ ماه,اتوماتیک,نقدی و قسطی,۸۹۰٬۰۰۰٬۰۰۰ تومان
۴٬۰۰۰,1400,سفید,سالم,سالم و پلمپ,سالم و بی‌خط و خش,۷ ماه,دنده‌ای,نقدی,۲۸۴٬۰۰۰٬۰۰۰ تومان
۱۰۸٬۳۰۰,1391,نقره‌ای,سالم,سالم و پلمپ,خط و خش جزیی,۱ ماه,دنده‌ای,نقدی,۲۶۳٬۰۰۰٬۰۰۰ تومان
۰,1401,سفید,سالم,سالم و پلمپ,سالم و بی‌خط و خش,۱۲ ماه,دنده‌ای,نقدی و قسطی,توافقی
۰,1401,سفید,سالم,سالم و پلمپ,سالم و بی‌خط و خش,۱۲ ماه,اتوماتیک,نقدی و قسطی,۶۲۸٬۰۰۰٬۰۰۰ تومان
۰,1401,سفید,سالم,سالم و پلمپ,سالم و بی‌خط و خش,۶ ماه,دنده‌ای,نقدی,توافقی
۰,1401,سفید,سالم,سالم و پلمپ,سالم و بی‌خط و خش,۱۲ ماه,اتوماتیک,نقدی و قسطی,۴۶۶٬۰۰۰٬۰۰۰ تومان
۴۳٬۰۰۰,1397,سفید,سالم,سالم و پلمپ,سالم و بی‌خط و خش,۶ ماه,اتوماتیک,نقدی,۴۳۹٬۰۰۰٬۰۰۰ تومان
۳٬۵۰۰,1400,سفید,سالم,سالم و پلمپ,سالم و بی‌خط و خش,۶ ماه,دنده‌ای,نقدی,۱۹۰٬۰۰۰٬۰۰۰ تومان
۰,1401,سفید,سالم,سالم و پلمپ,سالم و بی‌خط و خش,۱۲ ماه,اتوماتیک,نقدی و قسطی,۵۳۰٬۰۰۰٬۰۰۰ تومان
۵۰٬۰۰۰,1398,سفید,سالم,سالم و پلمپ,سالم و بی‌خط و خش,۶ ماه,دنده‌ای,نقدی,۱۷۵٬۰۰۰٬۰۰۰ تومان
۰,1401,سفید,سالم,سالم و پلمپ,سالم و بی‌خط و خش,۱۲ ماه,دنده‌ای,نقدی,۲۸۷٬۰۰۰٬۰۰۰ تومان
۵۳٬۰۰۰,1397,مشکی,سالم,سالم و پلمپ,سالم و بی‌خط و خش,۴ ماه,دنده‌ای,نقدی,۲۳۵٬۰۰۰٬۰۰۰ تومان
۰,1401,مشکی,سالم,سالم و پلمپ,سالم و بی‌خط و خش,۱۰ ماه,اتوماتیک,نقدی,غیرقابل نمایش
۱۱۰٬۰۰۰,1395,خاکستری,سالم,سالم و پلمپ,خط و خش جزیی,۴ ماه,دنده‌ای,نقدی,۲۳۵٬۰۰۰٬۰۰۰ تومان
۸۳٬۰۰۰,1398,سفید,سالم,سالم و پلمپ,سالم و بی‌خط و خش,۴ ماه,دنده‌ای,نقدی,۱۵۸٬۰۰۰٬۰۰۰ تومان
۰,1401,مشکی,سالم,سالم و پلمپ,سالم و بی‌خط و خش,۱۲ ماه,اتوماتیک,نقدی,توافقی
۰,1401,سفید,سالم,سالم و پلمپ,سالم و بی‌خط و خش,۱۲ ماه,دنده‌ای,نقدی,۴۲۲٬۰۰۰٬۰۰۰ تومان
۰,1401,سفید,سالم,سالم و پلمپ,سالم و بی‌خط و خش,۱۲ ماه,دنده‌ای,نقدی و قسطی,توافقی
۹٬۱۰۰,1400,سفید,سالم,سالم و پلمپ,سالم و بی‌خط و خش,۵ ماه,دنده‌ای,نقدی,۱۸۹٬۰۰۰٬۰۰۰ تومان
۰,1401,مشکی,سالم,سالم و پلمپ,سالم و بی‌خط و خش,۱۲ ماه,اتوماتیک,نقدی,توافقی
۱۴۰٬۰۰۰,1395,سفید,سالم,سالم و پلمپ,صافکاری بی‌رنگ,۳ ماه,دنده‌ای,نقدی,۱۳۰٬۰۰۰٬۰۰۰ تومان
۱۱۶٬۰۰۰,1394,نقره‌ای,سالم,سالم و پلمپ,خط و خش جزیی,۱۲ ماه,دنده‌ای,نقدی,۱۷۵٬۰۰۰٬۰۰۰ تومان
۰,1401,سفید,سالم,سالم و پلمپ,سالم و بی‌خط و خش,۱۲ ماه,دنده‌ای,نقدی,توافقی
۰,1401,مشکی,سالم,سالم و پلمپ,سالم و بی‌خط و خش,۱۲ ماه,دنده‌ای,نقدی,توافقی
۰,1401,سفید,سالم,سالم و پلمپ,سالم و بی‌خط و خش,۱۲ ماه,دنده‌ای,نقدی,۳۹۰٬۰۰۰٬۰۰۰ تومان
۵۱٬۰۰۰,1396,سفید,سالم,سالم و پلمپ,خط و خش جزیی,۱۲ ماه,اتوماتیک,قسطی,توافقی
۰,1401,سفید,سالم,سالم و پلمپ,سالم و بی‌خط و خش,۱۲ ماه,دنده‌ای,نقدی و قسطی,توافقی
۰,1401,مشکی,سالم,سالم و پلمپ,سالم و بی‌خط و خش,۱۱ ماه,اتوماتیک,نقدی و قسطی,توافقی
۱۳٬۰۰۰,1401,سفید,سالم,سالم و پلمپ,سالم و بی‌خط و خش,۷ ماه,دنده‌ای,نقدی,۱۹۰٬۰۰۰٬۰۰۰ تومان
۲۸۸٬۰۰۰,1385,سفید,سالم,سالم و پلمپ,خط و خش جزیی,۱۰ ماه,اتوماتیک,نقدی و قسطی,توافقی
۰,1401,سفید,سالم,سالم و پلمپ,سالم و بی‌خط و خش,۱۲ ماه,اتوماتیک,نقدی,توافقی
۷۸٬۰۰۰,1396,سفید,سالم,سالم و پلمپ,سالم و بی‌خط و خش,۷ ماه,اتوماتیک,نقدی,۷۳۰٬۰۰۰٬۰۰۰ تومان
۰,1401,سفید,سالم,سالم و پلمپ,سالم و بی‌خط و خش,۱۱ ماه,دنده‌ای,نقدی,۳۸۹٬۰۰۰٬۰۰۰ تومان
۱۰٬۲۰۰,1399,سفید,سالم,سالم و پلمپ,سالم و بی‌خط و خش,۱ ماه,دنده‌ای,نقدی,توافقی
۲۶۵٬۰۰۰,1396,سفید,سالم,سالم و پلمپ,خط و خش جزیی,۱ ماه,دنده‌ای,نقدی,۱۵۵٬۰۰۰٬۰۰۰ تومان
۱۷۰٬۰۰۰,1387,خاکستری,سالم,سالم و پلمپ,خط و خش جزیی,۶ ماه,دنده‌ای,نقدی و قسطی,توافقی
۲۰۸٬۰۰۰,1395,نوک‌مدادی,سالم,سالم و پلمپ,رنگ‌شدگی,۶ ماه,دنده‌ای,نقدی,۱۲۸٬۰۰۰٬۰۰۰ تومان
۷۰٬۰۰۰,1396,سفید,سالم,سالم و پلمپ,سالم و بی‌خط و خش,۶ ماه,اتوماتیک,نقدی,توافقی
۰,1398,سفید,سالم,سالم و پلمپ,سالم و بی‌خط و خش,۱۲ ماه,اتوماتیک,نقدی و قسطی,توافقی
۰,1401,سفید,سالم,سالم و پلمپ,سالم و بی‌خط و خش,۱۲ ماه,دنده‌ای,نقدی و قسطی,توافقی
۳۵٬۰۰۰,1399,مشکی,سالم,سالم و پلمپ,سالم و بی‌خط و خش,۱۰ ماه,دنده‌ای,"نقدی, قابل معاوضه",برای معاوضه
۹۰٬۰۰۰,1396,سفید,سالم,سالم و پلمپ,رنگ‌شدگی,۱۲ ماه,اتوماتیک,نقدی و قسطی,توافقی
۰,1401,سفید,سالم,سالم و پلمپ,سالم و بی‌خط و خش,۱۲ ماه,دنده‌ای,نقدی و قسطی,توافقی
۰,1401,سفید,سالم,سالم و پلمپ,سالم و بی‌خط و خش,۱۲ ماه,دنده‌ای,نقدی و قسطی,توافقی
۰,1401,خاکستری,سالم,سالم و پلمپ,سالم و بی‌خط و خش,۱۲ ماه,دنده‌ای,نقدی,۳۳۹٬۵۰۰٬۰۰۰ تومان
۱۶۰٬۰۰۰,1390,نقره‌ای,سالم,سالم و پلمپ,سالم و بی‌خط و خش,۶ ماه,اتوماتیک,نقدی و قسطی,۴۸۰٬۰۰۰٬۰۰۰ تومان
۵۰٬۰۰۰,1397,مشکی,سالم,سالم و پلمپ,سالم و بی‌خط و خش,۸ ماه,اتوماتیک,نقدی و قسطی,۷۹۰٬۰۰۰٬۰۰۰ تومان
۰,1401,مشکی,سالم,سالم و پلمپ,سالم و بی‌خط و خش,۱۲ ماه,اتوماتیک,نقدی,غیرقابل نمایش
۰,1401,سفید,سالم,سالم و پلمپ,سالم و بی‌خط و خش,۱۲ ماه,دنده‌ای,نقدی و قسطی,توافقی
۱۳٬۱۰۰,1400,سفید,سالم,سالم و پلمپ,سالم و بی‌خط و خش,۱۰ ماه,دنده‌ای,نقدی,۱۹۸٬۰۰۰٬۰۰۰ تومان
۹۹٬۲۵۰,1394,سفید,سالم,سالم و پلمپ,دوررنگ,۷ ماه,دنده‌ای,نقدی,۲۰۵٬۰۰۰٬۰۰۰ تومان
۱۲۱٬۰۰۰,1378,یشمی,سالم,سالم و پلمپ,خط و خش جزیی,۱۲ ماه,دنده‌ای,نقدی,۹۵٬۰۰۰٬۰۰۰ تومان
۰,1401,سفید,سالم,سالم و پلمپ,سالم و بی‌خط و خش,۱۲ ماه,دنده‌ای,نقدی و قسطی,توافقی
۱۶۰٬۰۰۰,1388,مشکی,سالم,سالم و پلمپ,رنگ‌شدگی,۸ ماه,اتوماتیک,نقدی,۷۱۰٬۰۰۰٬۰۰۰ تومان
۶۷٬۰۰۰,1394,مشکی,سالم,سالم و پلمپ,خط و خش جزیی,۷ ماه,دنده‌ای,نقدی,۳۶۵٬۰۰۰٬۰۰۰ تومان
۴۲٬۰۰۰,2018,کربن‌بلک,سالم,سالم و پلمپ,سالم و بی‌خط و خش,۱۲ ماه,اتوماتیک,نقدی,توافقی
۰,1401,سفید,سالم,سالم و پلمپ,سالم و بی‌خط و خش,۱۱ ماه,دنده‌ای,قسطی,۹۵٬۰۰۰٬۰۰۰ تومان
۴۵٬۰۰۰,1398,خاکستری,سالم,سالم و پلمپ,سالم و بی‌خط و خش,۶ ماه,دنده‌ای,نقدی,۲۳۷٬۰۰۰٬۰۰۰ تومان
۰,1401,سفید,سالم,سالم و پلمپ,سالم و بی‌خط و خش,۱۲ ماه,دنده‌ای,نقدی,توافقی
۸۲٬۰۰۰,1398,سفید,سالم,سالم و پلمپ,سالم و بی‌خط و خش,۱۰ ماه,اتوماتیک,نقدی,توافقی
۰,1401,سفید,سالم,سالم و پلمپ,سالم و بی‌خط و خش,۱۱ ماه,دنده‌ای,نقدی,توافقی
۱۳۲٬۰۰۰,1397,سفید,سالم,سالم و پلمپ,صافکاری بی‌رنگ,۱ ماه,دنده‌ای,نقدی,توافقی
۷۵٬۰۰۰,1397,سفید,سالم,سالم و پلمپ,سالم و بی‌خط و خش,۳ ماه,اتوماتیک,نقدی,۳۶۸٬۵۰۰٬۰۰۰ تومان
۱۵۶٬۰۰۰,1389,خاکستری,سالم,سالم و پلمپ,صافکاری بی‌رنگ,۶ ماه,دنده‌ای,نقدی,۱۵۹٬۰۰۰٬۰۰۰ تومان
۳۵٬۰۰۰,1399,سفید,سالم,سالم و پلمپ,سالم و بی‌خط و خش,۴ ماه,دنده‌ای,نقدی,توافقی
۱۳۱٬۰۰۰,1396,سفید,سالم,سالم و پلمپ,رنگ‌شدگی,۲ ماه,دنده‌ای,نقدی و قسطی,۲۰۳٬۰۰۰٬۰۰۰ تومان
۲۲۰٬۰۰۰,1387,سفید صدفی,سالم,سالم و پلمپ,رنگ‌شدگی,۱۱ ماه,اتوماتیک,"نقدی, قابل معاوضه",برای معاوضه
۰,1401,آلبالویی,سالم,سالم و پلمپ,سالم و بی‌خط و خش,۱۲ ماه,دنده‌ای,نقدی و قسطی,۱۶۸٬۰۰۰٬۰۰۰ تومان
۷۷٬۰۰۰,1398,سفید,سالم,سالم و پلمپ,سالم و بی‌خط و خش,۶ ماه,دنده‌ای,نقدی,۲۷۲٬۰۰۰٬۰۰۰ تومان
۰,1400,مشکی,سالم,سالم و پلمپ,سالم و بی‌خط و خش,۹ ماه,اتوماتیک,نقدی,توافقی
۱۹۵٬۰۰۰,2010,مشکی,سالم,سالم و پلمپ,خط و خش جزیی,۱۲ ماه,اتوماتیک,نقدی,۱٬۳۸۰٬۰۰۰٬۰۰۰ تومان
۱۳۸٬۰۰۰,2016,سفید,سالم,سالم و پلمپ,سالم و بی‌خط و خش,۶ ماه,اتوماتیک,نقدی,۱٬۰۴۰٬۰۰۰٬۰۰۰ تومان
۶۰٬۰۰۰,2015,قهوه‌ای,سالم,سالم و پلمپ,سالم و بی‌خط و خش,۶ ماه,اتوماتیک,نقدی,۱٬۵۰۰٬۰۰۰٬۰۰۰ تومان
۱۶۹٬۰۰۰,1390,مشکی,سالم,سالم و پلمپ,سالم و بی‌خط و خش,۶ ماه,اتوماتیک,نقدی,۵۰۰٬۰۰۰٬۰۰۰ تومان
۱۶٬۰۰۰,1400,مشکی,سالم,سالم و پلمپ,سالم و بی‌خط و خش,۵ ماه,اتوماتیک,نقدی,۱٬۱۱۰٬۰۰۰٬۰۰۰ تومان
۶۸٬۰۰۰,1397,خاکستری,سالم,سالم و پلمپ,خط و خش جزیی,۷ ماه,دنده‌ای,نقدی,۲۳۶٬۰۰۰٬۰۰۰ تومان
۷۳٬۰۰۰,1398,سفید,سالم,سالم و پلمپ,سالم و بی‌خط و خش,۶ ماه,دنده‌ای,نقدی,توافقی
۱۱۹٬۰۰۰,1396,سفید,سالم,سالم و پلمپ,سالم و بی‌خط و خش,۶ ماه,اتوماتیک,نقدی,۳۵۷٬۰۰۰٬۰۰۰ تومان
۱٬۰۰۰,1401,سفید,سالم,سالم و پلمپ,سالم و بی‌خط و خش,۱۰ ماه,دنده‌ای,نقدی,۴۰۷٬۰۰۰٬۰۰۰ تومان
۱۲٬۰۰۰,2017,سفید,سالم,سالم و پلمپ,سالم و بی‌خط و خش,۶ ماه,اتوماتیک,نقدی,۲٬۳۸۰٬۰۰۰٬۰۰۰ تومان
۱۲٬۰۰۰,2017,سفید صدفی,سالم,سالم و پلمپ,سالم و بی‌خط و خش,۶ ماه,اتوماتیک,نقدی,۳٬۰۰۰٬۰۰۰٬۰۰۰ تومان
۳۱۵٬۰۰۰,1393,نقره‌ای,سالم,سالم و پلمپ,خط و خش جزیی,۲ ماه,اتوماتیک,نقدی,۲۹۰٬۰۰۰٬۰۰۰ تومان
۴۰۰٬۰۰۰,1994,یشمی,سالم,سالم و پلمپ,رنگ‌شدگی,۴ ماه,دنده‌ای,نقدی,۱۰۰٬۰۰۰٬۰۰۰ تومان
۹۰٬۰۰۰,1398,سفید,سالم,سالم و پلمپ,سالم و بی‌خط و خش,۶ ماه,اتوماتیک,نقدی,۹۴۵٬۰۰۰٬۰۰۰ تومان
۰,1401,خاکستری,سالم,سالم و پلمپ,سالم و بی‌خط و خش,۱۱ ماه,اتوماتیک,نقدی,۱٬۱۹۰٬۰۰۰٬۰۰۰ تومان
۹۰٬۰۰۰,2016,سفید,سالم,سالم و پلمپ,سالم و بی‌خط و خش,۵ ماه,اتوماتیک,نقدی,۱٬۵۸۰٬۰۰۰٬۰۰۰ تومان
۱۳۴٬۰۰۰,2017,مشکی,سالم,سالم و پلمپ,رنگ‌شدگی,۶ ماه,اتوماتیک,نقدی,۱٬۸۰۰٬۰۰۰٬۰۰۰ تومان
۳۰٬۰۰۰,1398,مشکی,سالم,سالم و پلمپ,سالم و بی‌خط و خش,۶ ماه,اتوماتیک,نقدی,۱٬۱۲۰٬۰۰۰٬۰۰۰ تومان
۷۰٬۰۰۰,2018,مشکی,سالم,سالم و پلمپ,سالم و بی‌خط و خش,۶ ماه,اتوماتیک,نقدی,۳٬۲۰۰٬۰۰۰٬۰۰۰ تومان
۰,1401,مشکی,سالم,سالم و پلمپ,سالم و بی‌خط و خش,۱۲ ماه,اتوماتیک,قسطی,۴۶۰٬۰۰۰٬۰۰۰ تومان
۰,1401,بادمجانی,سالم,سالم و پلمپ,سالم و بی‌خط و خش,۱۲ ماه,اتوماتیک,نقدی و قسطی,۸۹۷٬۰۰۰٬۰۰۰ تومان
۴۰٬۰۰۰,1397,سفید,سالم,سالم و پلمپ,سالم و بی‌خط و خش,۶ ماه,اتوماتیک,نقدی,۹۳۰٬۰۰۰٬۰۰۰ تومان
۱۷۰٬۰۰۰,2008,نقره‌ای,سالم,سالم و پلمپ,سالم و بی‌خط و خش,۷ ماه,اتوماتیک,نقدی,۱٬۹۰۰٬۰۰۰٬۰۰۰ تومان
۵۰٬۰۰۰,1398,سفید,سالم,سالم و پلمپ,سالم و بی‌خط و خش,۶ ماه,اتوماتیک,نقدی,۱٬۱۰۰٬۰۰۰٬۰۰۰ تومان
۰,1401,سفید,سالم,سالم و پلمپ,سالم و بی‌خط و خش,۱۲ ماه,دنده‌ای,نقدی و قسطی,۲۹۸٬۰۰۰٬۰۰۰ تومان
۱۵۹٬۰۰۰,1389,سربی,سالم,سالم و پلمپ,رنگ‌شدگی,۸ ماه,اتوماتیک,نقدی,غیرقابل نمایش
۱۱۷٬۰۰۰,2015,سفید,سالم,سالم و پلمپ,رنگ‌شدگی,۵ ماه,اتوماتیک,نقدی,۵۸۰٬۰۰۰٬۰۰۰ تومان
۰,1401,مشکی,سالم,سالم و پلمپ,سالم و بی‌خط و خش,۱۲ ماه,اتوماتیک,قسطی,توافقی
۰,1401,سفید صدفی,سالم,سالم و پلمپ,سالم و بی‌خط و خش,۱۲ ماه,دنده‌ای,نقدی,توافقی
۰,1401,مشکی,سالم,سالم و پلمپ,سالم و بی‌خط و خش,۱۲ ماه,اتوماتیک,نقدی,توافقی
۱۰۰٬۰۰۰,1395,آبی,سالم,سالم و پلمپ,سالم و بی‌خط و خش,۱۱ ماه,دنده‌ای,نقدی,۲۵۲٬۰۰۰٬۰۰۰ تومان
۲۵٬۰۰۰,1397,سفید,سالم,سالم و پلمپ,سالم و بی‌خط و خش,۶ ماه,اتوماتیک,نقدی,۵۷۵٬۰۰۰٬۰۰۰ تومان
۲۲۰٬۰۰۰,1388,نوک‌مدادی,سالم,سالم و پلمپ,سالم و بی‌خط و خش,۱۰ ماه,دنده‌ای,نقدی,۹۳٬۰۰۰٬۰۰۰ تومان
۰,1401,مشکی,سالم,سالم و پلمپ,سالم و بی‌خط و خش,۱۲ ماه,اتوماتیک,قسطی,توافقی
۸۵٬۰۰۰,1391,سفید,سالم,سالم و پلمپ,خط و خش جزیی,۶ ماه,اتوماتیک,نقدی,۵۴۵٬۰۰۰٬۰۰۰ تومان
۴۵٬۰۰۰,1397,خاکستری,سالم,سالم و پلمپ,سالم و بی‌خط و خش,۱۰ ماه,اتوماتیک,نقدی,۱٬۰۸۰٬۰۰۰٬۰۰۰ تومان
۰,1401,سفید صدفی,سالم,سالم و پلمپ,سالم و بی‌خط و خش,۱۲ ماه,اتوماتیک,نقدی,توافقی
۰,1401,سفید,سالم,سالم و پلمپ,سالم و بی‌خط و خش,۱۲ ماه,دنده‌ای,نقدی و قسطی,توافقی
۴۵٬۰۰۰,1397,مشکی,سالم,سالم و پلمپ,سالم و بی‌خط و خش,۶ ماه,اتوماتیک,نقدی,۸۵۰٬۰۰۰٬۰۰۰ تومان
۰,1401,سفید صدفی,سالم,سالم و پلمپ,سالم و بی‌خط و خش,۱۲ ماه,دنده‌ای,نقدی,توافقی
۹٬۵۰۰,1400,سفید,سالم,سالم و پلمپ,سالم و بی‌خط و خش,۷ ماه,دنده‌ای,نقدی,۳۰۵٬۰۰۰٬۰۰۰ تومان
۸۰٬۰۰۰,2016,مشکی,سالم,سالم و پلمپ,سالم و بی‌خط و خش,۶ ماه,اتوماتیک,نقدی و قسطی,۱٬۹۸۰٬۰۰۰٬۰۰۰ تومان
۵۸٬۹۷۷,2015,قهوه‌ای,سالم,سالم و پلمپ,خط و خش جزیی,۸ ماه,اتوماتیک,نقدی و قسطی,۱٬۷۲۲٬۰۰۰٬۰۰۰ تومان
۱۶۱٬۰۰۰,1394,سفید,سالم,سالم و پلمپ,خط و خش جزیی,۹ ماه,اتوماتیک,نقدی,۳۵۶٬۰۰۰٬۰۰۰ تومان
۰,1401,سفید,سالم,سالم و پلمپ,سالم و بی‌خط و خش,۱۰ ماه,دنده‌ای,نقدی,۱۷۸٬۰۰۰٬۰۰۰ تومان
۰,1401,مشکی,سالم,سالم و پلمپ,سالم و بی‌خط و خش,۱۱ ماه,اتوماتیک,نقدی,۱٬۱۷۷٬۰۰۰٬۰۰۰ تومان
۲۸۰٬۰۰۰,1382,سفید,سالم,سالم و پلمپ,سالم و بی‌خط و خش,۲ ماه,دنده‌ای,نقدی,غیرقابل نمایش
۲۹۷٬۰۰۰,1385,سفید,سالم,سالم و پلمپ,دوررنگ,۶ ماه,دنده‌ای,نقدی,۱۳۱٬۰۰۰٬۰۰۰ تومان
۲۱۲٬۰۰۰,1394,سفید,سالم,سالم و پلمپ,سالم و بی‌خط و خش,۶ ماه,دنده‌ای,نقدی,توافقی
۸۲٬۰۰۰,2014,سفید,سالم,سالم و پلمپ,سالم و بی‌خط و خش,۷ ماه,اتوماتیک,نقدی,۳٬۳۰۰٬۰۰۰٬۰۰۰ تومان
۱۵۸٬۰۰۰,2012,مشکی,سالم,سالم و پلمپ,سالم و بی‌خط و خش,۵ ماه,اتوماتیک,نقدی و قسطی,۱٬۴۵۰٬۰۰۰٬۰۰۰ تومان
۰,1401,مشکی,سالم,سالم و پلمپ,سالم و بی‌خط و خش,۱۱ ماه,دنده‌ای,قسطی,۱۰۵٬۰۰۰٬۰۰۰ تومان
۱۰۰٬۰۰۰,2013,سفید,سالم,سالم و پلمپ,سالم و بی‌خط و خش,۶ ماه,اتوماتیک,نقدی و قسطی,۱٬۵۹۰٬۰۰۰٬۰۰۰ تومان
۱۷۰٬۰۰۰,1391,نقرآبی,سالم,ضربه‌خورده,سالم و پلمپ,رنگ‌شدگی,۱۰ ماه,دنده‌ای,نقدی
۱۴۰٬۰۰۰,1396,سفید,سالم,سالم و پلمپ,سالم و بی‌خط و خش,۵ ماه,دنده‌ای,نقدی,۱۲۹٬۰۰۰٬۰۰۰ تومان
۱۲۰٬۰۰۰,1391,سفید,سالم,سالم و پلمپ,سالم و بی‌خط و خش,۸ ماه,اتوماتیک,نقدی,۵۴۵٬۰۰۰٬۰۰۰ تومان
۱۱۵٬۰۰۰,1396,سفید,سالم,سالم و پلمپ,سالم و بی‌خط و خش,۶ ماه,دنده‌ای,نقدی,۲۲۰٬۰۰۰٬۰۰۰ تومان
۰,1401,سفید صدفی,سالم,سالم و پلمپ,سالم و بی‌خط و خش,۱۲ ماه,دنده‌ای,نقدی,توافقی
۰,1401,مشکی,سالم,سالم و پلمپ,سالم و بی‌خط و خش,۱۲ ماه,دنده‌ای,نقدی,توافقی
۶۰٬۰۰۰,2015,خاکستری,سالم,سالم و پلمپ,سالم و بی‌خط و خش,۶ ماه,اتوماتیک,نقدی,۱٬۲۹۰٬۰۰۰٬۰۰۰ تومان
۲۲٬۰۰۰,1397,سفید,سالم,سالم و پلمپ,سالم و بی‌خط و خش,۵ ماه,اتوماتیک,نقدی,۵۵۷٬۰۰۰٬۰۰۰ تومان
۱۵۵٬۰۰۰,1388,نوک‌مدادی,سالم,سالم و پلمپ,رنگ‌شدگی,۱۲ ماه,دنده‌ای,نقدی,غیرقابل نمایش
۳۵٬۰۰۰,2017,سفید صدفی,سالم,سالم و پلمپ,سالم و بی‌خط و خش,۳ ماه,اتوماتیک,نقدی,۲٬۱۹۰٬۰۰۰٬۰۰۰ تومان
۲٬۵۰۰,1387,سفید,سالم,سالم و پلمپ,دوررنگ,۴ ماه,دنده‌ای,نقدی,۸۱٬۵۰۰٬۰۰۰ تومان
۲۰۰٬۰۰۰,1393,سفید,سالم,سالم و پلمپ,سالم و بی‌خط و خش,۹ ماه,دنده‌ای,نقدی,۲۱۵٬۰۰۰٬۰۰۰ تومان
۱۶۷٬۰۰۰,1391,نوک‌مدادی,سالم,سالم و پلمپ,سالم و بی‌خط و خش,۱۲ ماه,دنده‌ای,نقدی,۱۴۰٬۰۰۰٬۰۰۰ تومان
۳۰۰٬۰۰۰,1382,سفید,سالم,ضربه‌خورده,سالم و پلمپ,سالم و بی‌خط و خش,۷ ماه,دنده‌ای,نقدی
۳۳٬۰۰۰,1399,سفید,سالم,سالم و پلمپ,سالم و بی‌خط و خش,۴ ماه,دنده‌ای,نقدی,۲۸۸٬۰۰۰٬۰۰۰ تومان
۲۰۰٬۰۰۰,1388,خاکستری,سالم,سالم و پلمپ,خط و خش جزیی,۷ ماه,اتوماتیک,نقدی,۲۱۰٬۰۰۰٬۰۰۰ تومان
۱۷٬۵۰۰,1399,سفید,سالم,سالم و پلمپ,سالم و بی‌خط و خش,۴ ماه,دنده‌ای,نقدی,۱۷۹٬۰۰۰٬۰۰۰ تومان
۰,1401,سفید,سالم,سالم و پلمپ,سالم و بی‌خط و خش,۱۲ ماه,دنده‌ای,نقدی,توافقی
۸۰٬۰۰۰,1391,سفید,سالم,سالم و پلمپ,سالم و بی‌خط و خش,۹ ماه,دنده‌ای,نقدی,۱۱۴٬۰۰۰٬۰۰۰ تومان
۸٬۰۰۰,1396,سفید,سالم,سالم و پلمپ,سالم و بی‌خط و خش,۱۲ ماه,اتوماتیک,"نقدی و قسطی, قابل معاوضه",برای معاوضه
۱۰٬۰۰۰,1401,مشکی,سالم,سالم و پلمپ,سالم و بی‌خط و خش,۱۲ ماه,اتوماتیک,نقدی,توافقی
۰,1401,سفید,سالم,سالم و پلمپ,سالم و بی‌خط و خش,۱۲ ماه,دنده‌ای,نقدی و قسطی,توافقی
۰,1401,سفید,سالم,سالم و پلمپ,سالم و بی‌خط و خش,۱۲ ماه,دنده‌ای,نقدی,۴۰۳٬۰۰۰٬۰۰۰ تومان
۰,1401,سفید,سالم,سالم و پلمپ,سالم و بی‌خط و خش,۱۲ ماه,دنده‌ای,"نقدی, قابل معاوضه",برای معاوضه
۰,1400,سفید,سالم,سالم و پلمپ,سالم و بی‌خط و خش,۵ ماه,دنده‌ای,نقدی,۳۳۰٬۰۰۰٬۰۰۰ تومان
۴۴٬۰۰۰,1398,سفید,سالم,سالم و پلمپ,سالم و بی‌خط و خش,۱۲ ماه,اتوماتیک,نقدی و قسطی,توافقی
۸۸٬۰۰۰,2014,سفید,سالم,سالم و پلمپ,سالم و بی‌خط و خش,۸ ماه,اتوماتیک,نقدی,توافقی
۱۶۹٬۰۰۰,1393,سفید,سالم,سالم و پلمپ,سالم و بی‌خط و خش,۵ ماه,دنده‌ای,نقدی,۲۱۷٬۰۰۰٬۰۰۰ تومان
۸۱٬۰۰۰,1396,سفید,سالم,سالم و پلمپ,سالم و بی‌خط و خش,۶ ماه,دنده‌ای,نقدی,توافقی
۰,1401,سفید,سالم,سالم و پلمپ,سالم و بی‌خط و خش,۱۲ ماه,اتوماتیک,قسطی,۴۷۶٬۰۰۰٬۰۰۰ تومان
۶۰٬۰۰۰,1398,سفید صدفی,سالم,سالم و پلمپ,سالم و بی‌خط و خش,۸ ماه,اتوماتیک,نقدی,توافقی
۰,1401,نقره‌ای,سالم,سالم و پلمپ,سالم و بی‌خط و خش,۱۲ ماه,دنده‌ای,نقدی و قسطی,توافقی
۰,1401,مشکی,سالم,سالم و پلمپ,سالم و بی‌خط و خش,۱۲ ماه,اتوماتیک,نقدی,توافقی
۱۰۰٬۰۰۰,2017,سفید صدفی,سالم,سالم و پلمپ,سالم و بی‌خط و خش,۶ ماه,اتوماتیک,نقدی و قسطی,۱٬۶۳۰٬۰۰۰٬۰۰۰ تومان
۲۷٬۰۰۰,1398,مشکی,سالم,سالم و پلمپ,سالم و بی‌خط و خش,۸ ماه,دنده‌ای,نقدی,۱۸۳٬۵۰۰٬۰۰۰ تومان
۰,1401,مشکی,سالم,سالم و پلمپ,سالم و بی‌خط و خش,۱۲ ماه,اتوماتیک,قسطی,توافقی
۸۴٬۰۰۰,2018,خاکستری,سالم,سالم و پلمپ,سالم و بی‌خط و خش,۶ ماه,اتوماتیک,نقدی,۱٬۵۲۵٬۰۰۰٬۰۰۰ تومان
۰,1401,خاکستری,سالم,سالم و پلمپ,سالم و بی‌خط و خش,۱۲ ماه,اتوماتیک,قسطی,۸۹۷٬۰۰۰٬۰۰۰ تومان
۰,1400,سفید,سالم,سالم و پلمپ,سالم و بی‌خط و خش,۱۲ ماه,دنده‌ای,نقدی و قسطی,توافقی
۰,1401,مشکی,سالم,سالم و پلمپ,سالم و بی‌خط و خش,۱۲ ماه,اتوماتیک,قسطی,۷۵۴٬۰۰۰٬۰۰۰ تومان
۰,1401,مشکی,سالم,سالم و پلمپ,سالم و بی‌خط و خش,۱۲ ماه,اتوماتیک,نقدی,۱٬۲۵۶٬۰۰۰٬۰۰۰ تومان
۰,1401,سفید,سالم,سالم و پلمپ,سالم و بی‌خط و خش,۱۲ ماه,اتوماتیک,نقدی,غیرقابل نمایش
۵۴٬۰۰۰,1397,سفید,سالم,سالم و پلمپ,سالم و بی‌خط و خش,۷ ماه,اتوماتیک,نقدی,۳۹۵٬۰۰۰٬۰۰۰ تومان
۱٬۹۹۰,1389,خاکستری,سالم,سالم و پلمپ,صافکاری بی‌رنگ,۲ ماه,دنده‌ای,نقدی,۱۶۵٬۰۰۰٬۰۰۰ تومان
۰,1401,سرمه‌ای,سالم,سالم و پلمپ,سالم و بی‌خط و خش,۱۲ ماه,اتوماتیک,قسطی,۵۳۰٬۰۰۰٬۰۰۰ تومان
۰,1401,سفید,سالم,سالم و پلمپ,سالم و بی‌خط و خش,۱۲ ماه,اتوماتیک,قسطی,۴۵۶٬۰۰۰٬۰۰۰ تومان
۰,1401,سفید,سالم,سالم و پلمپ,سالم و بی‌خط و خش,۱۲ ماه,اتوماتیک,قسطی,۵۳۰٬۰۰۰٬۰۰۰ تومان
۰,1401,مشکی,سالم,سالم و پلمپ,سالم و بی‌خط و خش,۱۲ ماه,اتوماتیک,نقدی,۸۰۸٬۰۰۰٬۰۰۰ تومان
۰,1401,مشکی,سالم,سالم و پلمپ,سالم و بی‌خط و خش,۱۲ ماه,اتوماتیک,قسطی,۴۷۶٬۰۰۰٬۰۰۰ تومان
۰,1401,سفید,سالم,سالم و پلمپ,سالم و بی‌خط و خش,۱۲ ماه,اتوماتیک,قسطی,۸۹۷٬۰۰۰٬۰۰۰ تومان
۱٬۲۰۰,1398,سفید,سالم,سالم و پلمپ,سالم و بی‌خط و خش,۶ ماه,دنده‌ای,نقدی,۱۸۸٬۰۰۰٬۰۰۰ تومان
۰,1401,سفید,سالم,سالم و پلمپ,سالم و بی‌خط و خش,۱۲ ماه,اتوماتیک,نقدی,۱٬۱۰۲٬۰۰۰٬۰۰۰ تومان
۲۸۰٬۰۰۰,1995,نوک‌مدادی,سالم,سالم و پلمپ,دوررنگ,۸ ماه,دنده‌ای,نقدی,۲۰۰٬۰۰۰٬۰۰۰ تومان
۱۸۰٬۰۰۰,2011,سفید,سالم,سالم و پلمپ,رنگ‌شدگی,۸ ماه,اتوماتیک,نقدی,توافقی
۰,1400,سفید,سالم,سالم و پلمپ,سالم و بی‌خط و خش,۱۲ ماه,اتوماتیک,"نقدی و قسطی, قابل معاوضه",برای معاوضه
۵۹٬۰۰۰,1397,سفید,سالم,سالم و پلمپ,سالم و بی‌خط و خش,۵ ماه,دنده‌ای,نقدی,۱۶۵٬۰۰۰٬۰۰۰ تومان
۰,1401,سفید,سالم,سالم و پلمپ,سالم و بی‌خط و خش,۱۲ ماه,دنده‌ای,نقدی و قسطی,توافقی
۸۶٬۰۰۰,1393,قهوه‌ای,سالم,سالم و پلمپ,خط و خش جزیی,۴ ماه,دنده‌ای,نقدی,۱۲۵٬۰۰۰٬۰۰۰ تومان
۶۵٬۰۰۰,1398,سربی,سالم,سالم و پلمپ,سالم و بی‌خط و خش,۸ ماه,اتوماتیک,نقدی,۱٬۲۵۰٬۰۰۰٬۰۰۰ تومان
۰,1401,سفید,سالم,سالم و پلمپ,سالم و بی‌خط و خش,۱۲ ماه,اتوماتیک,"نقدی و قسطی, قابل معاوضه",برای معاوضه
۰,1401,سفید,سالم,سالم و پلمپ,سالم و بی‌خط و خش,۱۲ ماه,دنده‌ای,نقدی و قسطی,توافقی
۶۵٬۰۰۰,1397,سفید,سالم,سالم و پلمپ,سالم و بی‌خط و خش,۶ ماه,دنده‌ای,نقدی,۲۴۳٬۰۰۰٬۰۰۰ تومان
۱۸۵٬۰۰۰,1386,خاکستری,سالم,سالم و پلمپ,خط و خش جزیی,۶ ماه,دنده‌ای,نقدی و قسطی,۱۵۲٬۰۰۰٬۰۰۰ تومان
۷۲٬۰۰۰,1396,خاکستری,سالم,سالم و پلمپ,سالم و بی‌خط و خش,۱۲ ماه,دنده‌ای,نقدی,۲۰۰٬۰۰۰٬۰۰۰ تومان
۷۰٬۰۰۰,1398,سفید,سالم,سالم و پلمپ,سالم و بی‌خط و خش,۶ ماه,دنده‌ای,نقدی و قسطی,۱۶۵٬۰۰۰٬۰۰۰ تومان
۰,1400,سفید,سالم,سالم و پلمپ,سالم و بی‌خط و خش,۱۲ ماه,اتوماتیک,"نقدی و قسطی, قابل معاوضه",برای معاوضه
۰,1401,مشکی,سالم,سالم و پلمپ,سالم و بی‌خط و خش,۱۲ ماه,اتوماتیک,نقدی و قسطی,توافقی
۱۸۵٬۰۰۰,1387,سفید,سالم,سالم و پلمپ,سالم و بی‌خط و خش,۵ ماه,اتوماتیک,نقدی و قسطی,۴۴۵٬۰۰۰٬۰۰۰ تومان
۳۵۰٬۰۰۰,1385,خاکستری,تعویض شده,ضربه‌خورده,رنگ‌شدگی,۱۰ ماه,دنده‌ای,نقدی,۱۲۰٬۰۰۰٬۰۰۰ تومان
۱۹۰٬۰۰۰,1390,خاکستری,سالم,سالم و پلمپ,سالم و بی‌خط و خش,۶ ماه,دنده‌ای,نقدی و قسطی,۱۵۰٬۰۰۰٬۰۰۰ تومان
۴۲٬۰۰۰,1398,سفید,سالم,سالم و پلمپ,سالم و بی‌خط و خش,۱۱ ماه,دنده‌ای,نقدی,۲۴۹٬۰۰۰٬۰۰۰ تومان
۰,1401,سفید,سالم,سالم و پلمپ,سالم و بی‌خط و خش,۱۲ ماه,اتوماتیک,نقدی,توافقی
۱۳۰٬۰۰۰,1395,سفید,سالم,سالم و پلمپ,رنگ‌شدگی، در ۱ ناحیه,۵ ماه,دنده‌ای,نقدی,۲۲۰٬۰۰۰٬۰۰۰ تومان
۸۰٬۰۰۰,1397,سفید,سالم,سالم و پلمپ,سالم و بی‌خط و خش,۶ ماه,دنده‌ای,نقدی و قسطی,۱۷۵٬۰۰۰٬۰۰۰ تومان
۶۷٬۰۰۰,1398,سفید,سالم,سالم و پلمپ,سالم و بی‌خط و خش,۵ ماه,اتوماتیک,نقدی و قسطی,۳۴۸٬۰۰۰٬۰۰۰ تومان
۲۹٬۰۰۰,1398,سفید,سالم,سالم و پلمپ,سالم و بی‌خط و خش,۶ ماه,دنده‌ای,نقدی و قسطی,۱۸۰٬۰۰۰٬۰۰۰ تومان
۷٬۰۰۰,1400,سفید,سالم,سالم و پلمپ,سالم و بی‌خط و خش,۶ ماه,دنده‌ای,نقدی و قسطی,۳۸۰٬۰۰۰٬۰۰۰ تومان
۱۵٬۰۰۰,2009,آبی,سالم,سالم و پلمپ,سالم و بی‌خط و خش,۶ ماه,اتوماتیک,نقدی,توافقی
۸۵٬۰۰۰,1396,سفید,سالم,سالم و پلمپ,سالم و بی‌خط و خش,۶ ماه,دنده‌ای,نقدی و قسطی,۳۲۵٬۰۰۰٬۰۰۰ تومان
۶۵٬۰۰۰,1397,سفید,سالم,سالم و پلمپ,سالم و بی‌خط و خش,۷ ماه,دنده‌ای,نقدی,۲۵۳٬۰۰۰٬۰۰۰ تومان
۰,1401,سفید,سالم,سالم و پلمپ,سالم و بی‌خط و خش,۱۲ ماه,دنده‌ای,نقدی و قسطی,۹۰٬۰۰۰٬۰۰۰ تومان
۰,1400,مشکی,سالم,سالم و پلمپ,سالم و بی‌خط و خش,۱۲ ماه,دنده‌ای,نقدی و قسطی,توافقی
۷۰٬۳۰۰,1396,سفید,سالم,سالم و پلمپ,سالم و بی‌خط و خش,۹ ماه,دنده‌ای,نقدی,۱۴۰٬۰۰۰٬۰۰۰ تومان
۰,1401,مشکی,سالم,سالم و پلمپ,سالم و بی‌خط و خش,۱۲ ماه,اتوماتیک,نقدی و قسطی,توافقی
۱۳۰٬۰۰۰,1387,نقره‌ای,سالم,سالم و پلمپ,خط و خش جزیی,۱۱ ماه,دنده‌ای,نقدی,توافقی
۰,1401,آبی,سالم,سالم و پلمپ,سالم و بی‌خط و خش,۱۲ ماه,اتوماتیک,نقدی و قسطی,غیرقابل نمایش
۱۱۸٬۰۰۰,1392,سفید,سالم,سالم و پلمپ,سالم و بی‌خط و خش,۱۰ ماه,دنده‌ای,نقدی,۱۰۵٬۰۰۰٬۰۰۰ تومان
۰,1401,مشکی,سالم,سالم و پلمپ,سالم و بی‌خط و خش,۱۲ ماه,اتوماتیک,نقدی و قسطی,توافقی
۱۶۳٬۰۰۰,2014,سفید,سالم,سالم و پلمپ,رنگ‌شدگی,۱۲ ماه,اتوماتیک,نقدی,۱٬۲۴۰٬۰۰۰٬۰۰۰ تومان
۷۰٬۰۰۰,1396,نوک‌مدادی,سالم,سالم و پلمپ,سالم و بی‌خط و خش,۶ ماه,دنده‌ای,نقدی,۳۲۰٬۰۰۰٬۰۰۰ تومان
۱۳۰٬۰۰۰,1393,سفید,سالم,سالم و پلمپ,رنگ‌شدگی,۶ ماه,دنده‌ای,قسطی,۱۴۵٬۰۰۰٬۰۰۰ تومان
۲۹۰٬۰۰۰,1382,نقره‌ای,سالم,سالم و پلمپ,خط و خش جزیی,۱۰ ماه,دنده‌ای,نقدی,۱۰۵٬۰۰۰٬۰۰۰ تومان
۰,1401,مشکی,سالم,سالم و پلمپ,سالم و بی‌خط و خش,۱۲ ماه,اتوماتیک,نقدی,توافقی
۰,1401,سفید,سالم,سالم و پلمپ,سالم و بی‌خط و خش,۱۲ ماه,دنده‌ای,نقدی و قسطی,توافقی
۱۶۰٬۰۰۰,1393,سفید,سالم,سالم و پلمپ,دوررنگ,۹ ماه,دنده‌ای,نقدی,۲۰۲٬۰۰۰٬۰۰۰ تومان
۶۷٬۰۰۰,1397,مشکی,سالم,سالم و پلمپ,سالم و بی‌خط و خش,۶ ماه,اتوماتیک,نقدی,توافقی
۳۵۰٬۰۰۰,1392,سفید,سالم,ضربه‌خورده,سالم و پلمپ,رنگ‌شدگی,۱۰ ماه,دنده‌ای,نقدی
۰,1401,مشکی,سالم,سالم و پلمپ,سالم و بی‌خط و خش,۱۲ ماه,اتوماتیک,نقدی,توافقی
۱۵۰٬۰۰۰,1396,سفید,سالم,سالم و پلمپ,سالم و بی‌خط و خش,۶ ماه,دنده‌ای,نقدی,۱۳۷٬۰۰۰٬۰۰۰ تومان
۳۹٬۰۰۰,1399,سفید,سالم,سالم و پلمپ,سالم و بی‌خط و خش,۵ ماه,دنده‌ای,نقدی,۱۸۷٬۰۰۰٬۰۰۰ تومان
۱۸۰٬۰۰۰,1382,آلبالویی,سالم,سالم و پلمپ,رنگ‌شدگی,۱ ماه,دنده‌ای,نقدی,۱۰۵٬۰۰۰٬۰۰۰ تومان
۳۰۰٬۰۰۰,1384,بژ,سالم,سالم و پلمپ,ضربه‌خورده,دوررنگ,۶ ماه,دنده‌ای,نقدی
۱۶۰٬۰۰۰,1393,مشکی,سالم,سالم و پلمپ,خط و خش جزیی,۴ ماه,دنده‌ای,نقدی,۱۲۰٬۰۰۰٬۰۰۰ تومان
۱۲۴٬۰۰۰,1396,سفید,سالم,سالم و پلمپ,تصادفی,۳ ماه,دنده‌ای,نقدی,۱۲۸٬۰۰۰٬۰۰۰ تومان
۲۰۰٬۰۰۰,1389,خاکستری,سالم,سالم و پلمپ,رنگ‌شدگی,۱۲ ماه,دنده‌ای,نقدی,۱۱۸٬۰۰۰٬۰۰۰ تومان
۵۰٬۰۰۰,1397,نوک‌مدادی,سالم,سالم و پلمپ,سالم و بی‌خط و خش,۱۲ ماه,اتوماتیک,نقدی,توافقی
۱۶۵٬۰۰۰,1394,سفید,سالم,سالم و پلمپ,رنگ‌شدگی,۱۱ ماه,دنده‌ای,نقدی,۱۱۴٬۵۰۰٬۰۰۰ تومان
۱۲۵٬۵۰۰,2015,مشکی,سالم,سالم و پلمپ,رنگ‌شدگی,۲ ماه,اتوماتیک,نقدی,۱٬۳۳۵٬۰۰۰٬۰۰۰ تومان
۶۲٬۰۰۰,1398,سرمه‌ای,سالم,سالم و پلمپ,سالم و بی‌خط و خش,۸ ماه,دنده‌ای,نقدی,۲۳۵٬۰۰۰٬۰۰۰ تومان
۹۰٬۰۰۰,1396,سفید,سالم,سالم و پلمپ,سالم و بی‌خط و خش,۷ ماه,اتوماتیک,"نقدی, قابل معاوضه",برای معاوضه
۱۳۰٬۰۰۰,2013,مشکی,سالم,سالم و پلمپ,سالم و بی‌خط و خش,۳ ماه,اتوماتیک,نقدی,۱٬۰۵۰٬۰۰۰٬۰۰۰ تومان
۱۱۹٬۰۰۰,1395,سفید,سالم,سالم و پلمپ,خط و خش جزیی,۳ ماه,دنده‌ای,نقدی,۱۵۱٬۰۰۰٬۰۰۰ تومان
۱۸۵٬۰۰۰,1396,سفید,سالم,سالم و پلمپ,سالم و بی‌خط و خش,۷ ماه,دنده‌ای,نقدی,۵۵۰٬۰۰۰٬۰۰۰ تومان
۱۸۰٬۰۰۰,1386,مشکی,سالم,سالم و پلمپ,رنگ‌شدگی، در ۲ ناحیه,۱۲ ماه,دنده‌ای,نقدی,۱۳۰٬۰۰۰٬۰۰۰ تومان
۱۳۰٬۰۰۰,2013,سفید,سالم,سالم و پلمپ,سالم و بی‌خط و خش,۷ ماه,اتوماتیک,نقدی,۱٬۲۶۰٬۰۰۰٬۰۰۰ تومان
۷۳٬۰۰۰,1399,سفید,سالم,سالم و پلمپ,رنگ‌شدگی,۶ ماه,دنده‌ای,نقدی,توافقی
۲۲٬۰۰۰,1400,سفید,سالم,سالم و پلمپ,سالم و بی‌خط و خش,۳ ماه,دنده‌ای,نقدی,غیرقابل نمایش
۰,1401,سفید,سالم,سالم و پلمپ,سالم و بی‌خط و خش,۱۱ ماه,دنده‌ای,نقدی,۱۹۷٬۰۰۰٬۰۰۰ تومان
۰,1401,آبی,سالم,سالم و پلمپ,سالم و بی‌خط و خش,۱۲ ماه,دنده‌ای,نقدی و قسطی,توافقی
۰,1401,سفید,سالم,سالم و پلمپ,سالم و بی‌خط و خش,۱۲ ماه,دنده‌ای,نقدی و قسطی,توافقی
۴۰۰٬۰۰۰,1384,نوک‌مدادی,سالم,سالم و پلمپ,رنگ‌شدگی,۵ ماه,دنده‌ای,نقدی,۱۲۵٬۰۰۰٬۰۰۰ تومان
۱۱۳٬۰۰۰,1396,مشکی,سالم,سالم و پلمپ,صافکاری بی‌رنگ,۳ ماه,اتوماتیک,نقدی,۳۶۵٬۰۰۰٬۰۰۰ تومان
۲۰۰٬۰۰۰,1393,سفید,سالم,سالم و پلمپ,سالم و بی‌خط و خش,۱۲ ماه,دنده‌ای,نقدی,۱۹۵٬۰۰۰٬۰۰۰ تومان
۹۷٬۰۰۰,2017,نارنجی,سالم,سالم و پلمپ,سالم و بی‌خط و خش,۶ ماه,اتوماتیک,نقدی,۸۶۰٬۰۰۰٬۰۰۰ تومان
۱۰۵٬۰۰۰,1396,خاکستری,سالم,سالم و پلمپ,خط و خش جزیی,۱۲ ماه,دنده‌ای,نقدی و قسطی,۲۱۰٬۰۰۰٬۰۰۰ تومان
۲۳٬۰۰۰,1397,سفید,سالم,سالم و پلمپ,سالم و بی‌خط و خش,۶ ماه,دنده‌ای,نقدی و قسطی,۳۴۷٬۰۰۰٬۰۰۰ تومان
۸۶٬۰۰۰,1397,طوسی,سالم,سالم و پلمپ,سالم و بی‌خط و خش,۶ ماه,اتوماتیک,نقدی و قسطی,۵۳۰٬۰۰۰٬۰۰۰ تومان
۸۹٬۰۰۰,1397,اطلسی,سالم,سالم و پلمپ,خط و خش جزیی,۶ ماه,دنده‌ای,نقدی,۱۶۰٬۰۰۰٬۰۰۰ تومان
۱۳۰٬۰۰۰,2014,سفید,سالم,سالم و پلمپ,رنگ‌شدگی، در ۲ ناحیه,۶ ماه,اتوماتیک,نقدی و قسطی,۹۸۰٬۰۰۰٬۰۰۰ تومان
۴۳٬۰۰۰,1399,مشکی,سالم,سالم و پلمپ,خط و خش جزیی,۶ ماه,اتوماتیک,نقدی,توافقی
۱۵۴٬۰۰۰,2012,مشکی,سالم,سالم و پلمپ,سالم و بی‌خط و خش,۶ ماه,اتوماتیک,نقدی و قسطی,۱٬۲۶۵٬۰۰۰٬۰۰۰ تومان
۱۰۰٬۰۰۰,2014,مشکی,سالم,سالم و پلمپ,سالم و بی‌خط و خش,۹ ماه,اتوماتیک,نقدی و قسطی,توافقی
۰,1401,سفید,سالم,سالم و پلمپ,سالم و بی‌خط و خش,۱۲ ماه,دنده‌ای,نقدی و قسطی,توافقی
۱۵۰٬۰۰۰,1389,خاکستری,سالم,سالم و پلمپ,خط و خش جزیی,۴ ماه,دنده‌ای,نقدی,۱۸۳٬۰۰۰٬۰۰۰ تومان
۱۰۴٬۰۰۰,1395,سفید,سالم,سالم و پلمپ,رنگ‌شدگی، در ۱ ناحیه,۶ ماه,اتوماتیک,نقدی,۳۶۵٬۰۰۰٬۰۰۰ تومان
۹۰٬۰۰۰,1396,سفید,سالم,سالم و پلمپ,رنگ‌شدگی,۶ ماه,اتوماتیک,نقدی و قسطی,۴۰۰٬۰۰۰٬۰۰۰ تومان
۱۸۰٬۰۰۰,1385,سفید,سالم,سالم و پلمپ,رنگ‌شدگی,۶ ماه,اتوماتیک,نقدی و قسطی,۳۱۰٬۰۰۰٬۰۰۰ تومان
۰,1401,مشکی,سالم,سالم و پلمپ,سالم و بی‌خط و خش,۱۲ ماه,اتوماتیک,قسطی,۴۵۶٬۰۰۰٬۰۰۰ تومان
۱۶۰٬۰۰۰,1395,سفید,سالم,سالم و پلمپ,سالم و بی‌خط و خش,۳ ماه,دنده‌ای,نقدی,۱۶۲٬۰۰۰٬۰۰۰ تومان
۰,1401,سفید صدفی,سالم,سالم و پلمپ,سالم و بی‌خط و خش,۱۲ ماه,اتوماتیک,قسطی,غیرقابل نمایش
۰,1401,سفید صدفی,سالم,سالم و پلمپ,سالم و بی‌خط و خش,۱۲ ماه,اتوماتیک,نقدی و قسطی,۵۳۰٬۰۰۰٬۰۰۰ تومان
۰,1401,نوک‌مدادی,سالم,سالم و پلمپ,سالم و بی‌خط و خش,۱۲ ماه,اتوماتیک,نقدی,۶۴۱٬۰۰۰٬۰۰۰ تومان
۱۵۷٬۰۰۰,1390,سفید,سالم,سالم و پلمپ,رنگ‌شدگی,۱۱ ماه,دنده‌ای,نقدی,۱۴۹٬۰۰۰٬۰۰۰ تومان
۰,1401,سفید,سالم,سالم و پلمپ,سالم و بی‌خط و خش,۱۲ ماه,دنده‌ای,قسطی,توافقی
۰,1401,مشکی,سالم,سالم و پلمپ,سالم و بی‌خط و خش,۱۲ ماه,اتوماتیک,نقدی,۱٬۱۰۰٬۰۰۰٬۰۰۰ تومان
۰,1399,سفید,سالم,سالم و پلمپ,سالم و بی‌خط و خش,۱۲ ماه,اتوماتیک,قسطی,توافقی
۱۰۹٬۰۰۰,1395,سفید,سالم,سالم و پلمپ,سالم و بی‌خط و خش,۹ ماه,اتوماتیک,نقدی و قسطی,توافقی
۰,1401,مشکی,سالم,سالم و پلمپ,سالم و بی‌خط و خش,۱۲ ماه,اتوماتیک,قسطی,۶۲۸٬۰۰۰٬۰۰۰ تومان
Token,Infos
https://divar.ir/v/-/wYYUjWbf,
https://divar.ir/v/-/gYmDUf73,
https://divar.ir/v/-/gYcf-Qzv,
https://divar.ir/v/-/wYYUTUcm,
https://divar.ir/v/-/wYYUTaib,
https://divar.ir/v/-/wYYUjTGO,
https://divar.ir/v/-/wYU0nZJh,
https://divar.ir/v/-/wYXcx2KW,
https://divar.ir/v/-/wYYUzRlH,
https://divar.ir/v/-/gYdjxcVR,
https://divar.ir/v/-/wYWEu5H_,
https://divar.ir/v/-/wYYUTKZ1,
https://divar.ir/v/-/wYYQzmSL,
https://divar.ir/v/-/gY8HaF7a,
https://divar.ir/v/-/wYDQCZtw,
https://divar.ir/v/-/wYYUjUIJ,
https://divar.ir/v/-/wYXwk7MG,
https://divar.ir/v/-/wYYUTJaL,
https://divar.ir/v/-/gYLmy1wQ,
https://divar.ir/v/-/gYdPD3M2,
https://divar.ir/v/-/gYLuCh-V,
https://divar.ir/v/-/gYLijUCh,
https://divar.ir/v/-/gYLKCzEF,
https://divar.ir/v/-/gYLyCvgo,
https://divar.ir/v/-/gYzXERqG,
https://divar.ir/v/-/gYLeiXC9,
https://divar.ir/v/-/gYLuj1A7,
https://divar.ir/v/-/gYM69IBQ,
https://divar.ir/v/-/gYLeSN-I,
https://divar.ir/v/-/wYYUjGI5,
https://divar.ir/v/-/gY2-bM-l,
https://divar.ir/v/-/gY22r6ws,
https://divar.ir/v/-/gYLuyiHN,
https://divar.ir/v/-/gY26b8ah,
https://divar.ir/v/-/gYL6CRGw,
https://divar.ir/v/-/wYYUzT3o,
https://divar.ir/v/-/gYDC1mwb,
https://divar.ir/v/-/gYCXZKST,
https://divar.ir/v/-/wYYUTICY,
https://divar.ir/v/-/gY2Wsxd_,
https://divar.ir/v/-/gY2a8Qo4,
https://divar.ir/v/-/gY2C8Hvn,
Token,Infos
https://divar.ir/v/-/wYYUzRlH,
https://divar.ir/v/-/wYYUTaib,
https://divar.ir/v/-/wYXwk7MG,
https://divar.ir/v/-/wYYUjWbf,
https://divar.ir/v/-/wYU0nZJh,
https://divar.ir/v/-/wYYUjTGO,
https://divar.ir/v/-/wYYUTKZ1,
https://divar.ir/v/-/gYdPD3M2,
https://divar.ir/v/-/gYzXERqG,
https://divar.ir/v/-/wYYUjUIJ,
https://divar.ir/v/-/gYmDUf73,
https://divar.ir/v/-/wYDQCZtw,
https://divar.ir/v/-/wYYUTJaL,
https://divar.ir/v/-/wYYUjGI5,
https://divar.ir/v/-/wYWEu5H_,
https://divar.ir/v/-/wYYUTUcm,
https://divar.ir/v/-/wYYQzmSL,
https://divar.ir/v/-/gYdjxcVR,
https://divar.ir/v/-/gYcf-Qzv,
https://divar.ir/v/-/wYXcx2KW,
https://divar.ir/v/-/gYL6CRGw,
https://divar.ir/v/-/gYLuj1A7,
https://divar.ir/v/-/gYM69IBQ,
https://divar.ir/v/-/gY22r6ws,
https://divar.ir/v/-/gYLKCzEF,
https://divar.ir/v/-/gY8HaF7a,
https://divar.ir/v/-/gYLuyiHN,
https://divar.ir/v/-/gY2C8Hvn,
https://divar.ir/v/-/gYLmy1wQ,
https://divar.ir/v/-/gY26b8ah,
https://divar.ir/v/-/gYLeiXC9,
https://divar.ir/v/-/gYLyCvgo,
https://divar.ir/v/-/gYLeSN-I,
https://divar.ir/v/-/gY2-bM-l,
https://divar.ir/v/-/wYYUTICY,
https://divar.ir/v/-/wYYUzT3o,
https://divar.ir/v/-/gYDC1mwb,
https://divar.ir/v/-/gYCXZKST,
https://divar.ir/v/-/gYLuCh-V,
https://divar.ir/v/-/gYAGLz_I,
https://divar.ir/v/-/wYYQj0rZ,
https://divar.ir/v/-/gY2WsZzK,
https://divar.ir/v/-/gY2Wsxd_,
https://divar.ir/v/-/wYYUzRoE,
https://divar.ir/v/-/gYLijUCh,
https://divar.ir/v/-/wYYUzAsQ,
https://divar.ir/v/-/gY2a8Qo4,
https://divar.ir/v/-/wYPQAVzA,
https://divar.ir/v/-/gY9_xzB4,
https://divar.ir/v/-/wYYQjTSU,
https://divar.ir/v/-/wYN86pS9,
https://divar.ir/v/-/wYYQj_Yb,
https://divar.ir/v/-/gYkzPG7Q,
https://divar.ir/v/-/wYLkAaIP,
https://divar.ir/v/-/gYkzf-SP,
https://divar.ir/v/-/wYYQj1nX,
https://divar.ir/v/-/wYYQjwoL,
https://divar.ir/v/-/wYYQD_kb,
https://divar.ir/v/-/wYYQj12N,
https://divar.ir/v/-/wYToxc4b,
https://divar.ir/v/-/wYN8aZ08,
https://divar.ir/v/-/wYYUjUaZ,
https://divar.ir/v/-/wYYQjWt0,
https://divar.ir/v/-/wYYUzJV4,
https://divar.ir/v/-/wYYQj-xG,
https://divar.ir/v/-/gYfCRZd2,
https://divar.ir/v/-/gYCXYaV8,
https://divar.ir/v/-/wYNg5x0n,
https://divar.ir/v/-/wYYQDxvJ,
https://divar.ir/v/-/gY0rIJJn,
https://divar.ir/v/-/gYB7z_qZ,
https://divar.ir/v/-/wYYQTuLz,
https://divar.ir/v/-/wYYUTEIF,
https://divar.ir/v/-/wYYQTxvm,
https://divar.ir/v/-/wYYQT_Jd,
https://divar.ir/v/-/wYNUKQV_,
https://divar.ir/v/-/gYCLdx1W,
https://divar.ir/v/-/wYXQKa4V,
https://divar.ir/v/-/wYYQTm4W,
https://divar.ir/v/-/wYYQT5_f,
https://divar.ir/v/-/wYWs8GTq,
https://divar.ir/v/-/gYjn89f7,
https://divar.ir/v/-/wYWwML9H,
https://divar.ir/v/-/wYYQD_8E,
https://divar.ir/v/-/wYYQD4qn,
https://divar.ir/v/-/wYUs0-PH,
https://divar.ir/v/-/wYWscztN,
https://divar.ir/v/-/wYEgGMhn,
https://divar.ir/v/-/gYBzzBI3,
https://divar.ir/v/-/wYYQDt9m,
https://divar.ir/v/-/gYfi0fqZ,
https://divar.ir/v/-/wYVYpF1D,
https://divar.ir/v/-/wYYQzrkt,
https://divar.ir/v/-/gYEvhgYX,
https://divar.ir/v/-/wYVU9pVs,
https://divar.ir/v/-/gYXjbec2,
https://divar.ir/v/-/gY5XNVTI,
https://divar.ir/v/-/gYS_ow55,
https://divar.ir/v/-/gY5XtoC1,
https://divar.ir/v/-/wYWotK-d,
https://divar.ir/v/-/gY53-Sm2,
https://divar.ir/v/-/gYpe5jY3,
https://divar.ir/v/-/wYYQj1sd,
https://divar.ir/v/-/wYFkb1Bs,
https://divar.ir/v/-/wYYQzp78,
https://divar.ir/v/-/wYYQDs44,
https://divar.ir/v/-/wYYQjPOV,
https://divar.ir/v/-/wYYQjAaf,
https://divar.ir/v/-/wYYQze0w,
https://divar.ir/v/-/wYD8dEil,
https://divar.ir/v/-/wYYQzkeW,
https://divar.ir/v/-/gYmqfvuK,
https://divar.ir/v/-/wYYQTRUF,
https://divar.ir/v/-/wYYQjuc0,
https://divar.ir/v/-/wYYQjSG-,
https://divar.ir/v/-/gYrz1PbD,
https://divar.ir/v/-/wYV45y3C,
https://divar.ir/v/-/gY6bwA7F,
https://divar.ir/v/-/wYXIhYgj,
https://divar.ir/v/-/wYYQjetP,
https://divar.ir/v/-/gYxjvjLp,
https://divar.ir/v/-/gYrHWmcE,
https://divar.ir/v/-/gYrT2OKc,
https://divar.ir/v/-/wYYQjDBt,
https://divar.ir/v/-/gYs38G1F,
https://divar.ir/v/-/gYdrgVQy,
https://divar.ir/v/-/gYSf3Yhc,
https://divar.ir/v/-/wYYQTYGd,
https://divar.ir/v/-/gY_avQ3W,
https://divar.ir/v/-/gYL22Ive,
https://divar.ir/v/-/wYYQDZCc,
https://divar.ir/v/-/wYYQjN97,
https://divar.ir/v/-/wYPAwpYX,
https://divar.ir/v/-/wYUwUZXk,
https://divar.ir/v/-/gYVNmofS,
https://divar.ir/v/-/wYWQuFj5,
https://divar.ir/v/-/wYWIupHV,
https://divar.ir/v/-/wYFQdNfb,
https://divar.ir/v/-/wYYQjSbs,
https://divar.ir/v/-/gYx7ulB1,
https://divar.ir/v/-/wYYQjL6T,
https://divar.ir/v/-/wYWUu1jW,
https://divar.ir/v/-/gY9rcztr,
https://divar.ir/v/-/wYYQjKuv,
https://divar.ir/v/-/wYYQzLrk,
https://divar.ir/v/-/wYBYd0Sa,
https://divar.ir/v/-/wYYQTMAc,
https://divar.ir/v/-/gYkrM5tR,
https://divar.ir/v/-/wYVw4-dJ,
https://divar.ir/v/-/wYDgzhl3,
https://divar.ir/v/-/wYYMT888,
https://divar.ir/v/-/wYWQ-k3q,
https://divar.ir/v/-/gYm_nD0X,
https://divar.ir/v/-/wYUo01Wm,
https://divar.ir/v/-/wYYQjMR8,
https://divar.ir/v/-/wYHMLz0H,
https://divar.ir/v/-/wYYMDz5_,
https://divar.ir/v/-/wYYQzKTY,
https://divar.ir/v/-/gY7bH3N-,
https://divar.ir/v/-/gY3XlH9p,
https://divar.ir/v/-/wYO8OW9S,
https://divar.ir/v/-/gYSpZzuG,
https://divar.ir/v/-/wYYQzPk3,
https://divar.ir/v/-/wYGwj0bM,
https://divar.ir/v/-/wYYQTBFR,
https://divar.ir/v/-/gYr3295O,
https://divar.ir/v/-/wYSwO0Zu,
https://divar.ir/v/-/wYYMzh0Q,
https://divar.ir/v/-/wYWI_qFF,
https://divar.ir/v/-/wYOIhr4q,
https://divar.ir/v/-/wYWsf2uI,
https://divar.ir/v/-/wYYMj9Fi,
https://divar.ir/v/-/wYHE60vF,
https://divar.ir/v/-/wYWUfNaN,
https://divar.ir/v/-/wYWg_tir,
https://divar.ir/v/-/wYYMTfs5,
https://divar.ir/v/-/gYELvBKG,
https://divar.ir/v/-/wYRAthbU,
https://divar.ir/v/-/wYYMznxH,
https://divar.ir/v/-/gY5nNlvQ,
https://divar.ir/v/-/wYYMDkSu,
https://divar.ir/v/-/wYTUVINO,
https://divar.ir/v/-/wYJEdmt-,
https://divar.ir/v/-/wYYMz-Qi,
https://divar.ir/v/-/wYFEelJI,
https://divar.ir/v/-/gY7_S1Xa,
https://divar.ir/v/-/wYYMja1y,
https://divar.ir/v/-/wYYMDxn_,
https://divar.ir/v/-/wYV0-VnP,
https://divar.ir/v/-/QY_T3ntw,
https://divar.ir/v/-/wYYMDjWs,
https://divar.ir/v/-/gYhXTRiU,
https://divar.ir/v/-/wYYMjhcb,
https://divar.ir/v/-/wYWUv6UD,
https://divar.ir/v/-/wYVUpVEO,
https://divar.ir/v/-/gY77oHS8,
https://divar.ir/v/-/gY8r3m0F,
https://divar.ir/v/-/wYMkYhy-,
https://divar.ir/v/-/wYA4bMBb,
https://divar.ir/v/-/gYwCmfci,
https://divar.ir/v/-/wYTAxuGo,
https://divar.ir/v/-/gYnzLY0Q,
https://divar.ir/v/-/gYhvxUSz,
https://divar.ir/v/-/wYEgMNjl,
https://divar.ir/v/-/wYTsklCl,
https://divar.ir/v/-/wYV8LJ-Y,
https://divar.ir/v/-/wYYMT0NV,
https://divar.ir/v/-/wYYMjPLK,
https://divar.ir/v/-/gY8r3Gds,
https://divar.ir/v/-/wYXYj9GL,
https://divar.ir/v/-/gY8vHtIo,
https://divar.ir/v/-/wYSgvH3G,
https://divar.ir/v/-/wYB4-EXz,
https://divar.ir/v/-/wYBAvXkw,
https://divar.ir/v/-/wYA87-jv,
https://divar.ir/v/-/wYGAR500,
https://divar.ir/v/-/wYBE-P-p,
https://divar.ir/v/-/wYBsekx4,
https://divar.ir/v/-/wYV4pv3k,
https://divar.ir/v/-/gYvi_HBs,
https://divar.ir/v/-/wYYMTwPA,
https://divar.ir/v/-/wYYMzlap,
https://divar.ir/v/-/wYYMzn7P,
https://divar.ir/v/-/gYxT_Xt8,
https://divar.ir/v/-/gYuIvBlx,
https://divar.ir/v/-/wYB4ev4C,
https://divar.ir/v/-/wYVgsK_u,
https://divar.ir/v/-/gYxPPC54,
https://divar.ir/v/-/wYXQCngk,
https://divar.ir/v/-/wYYMTVYm,
https://divar.ir/v/-/wYYMTHWU,
https://divar.ir/v/-/wYDA_uYG,
https://divar.ir/v/-/wYMIVxS4,
https://divar.ir/v/-/gYuFW-oG,
https://divar.ir/v/-/gYxP_iTJ,
https://divar.ir/v/-/gYmhUhUz,
https://divar.ir/v/-/gYvSA30d,
https://divar.ir/v/-/gYmlTAM6,
https://divar.ir/v/-/wYUQ0od3,
https://divar.ir/v/-/gYmtkuce,
https://divar.ir/v/-/gY2lAwv9,
https://divar.ir/v/-/gYmh0xXq,
https://divar.ir/v/-/wYUUEgA3,
https://divar.ir/v/-/gY41pJYz,
https://divar.ir/v/-/gYxXPYBD,
https://divar.ir/v/-/gY41Jjwx,
https://divar.ir/v/-/gYmtUdDM,
https://divar.ir/v/-/gY4NKcoI,
https://divar.ir/v/-/wYYMDAwW,
https://divar.ir/v/-/gY4xp3qz,
https://divar.ir/v/-/gY4pKYQ4,
https://divar.ir/v/-/gY4paEan,
https://divar.ir/v/-/gY4tp0Z2,
https://divar.ir/v/-/gYmtkOqS,
https://divar.ir/v/-/gYSTVHYf,
https://divar.ir/v/-/gY4palgc,
https://divar.ir/v/-/gY8PYf26,
https://divar.ir/v/-/gY2Jx74Q,
https://divar.ir/v/-/wYMM19iF,
https://divar.ir/v/-/wYN0Juri,
https://divar.ir/v/-/gY4J6_Cd,
https://divar.ir/v/-/gY4Jaaxs,
https://divar.ir/v/-/gY41etIN,
https://divar.ir/v/-/wYOk_x1B,
https://divar.ir/v/-/wYYMTMeJ,
https://divar.ir/v/-/gY4D6cNe,
https://divar.ir/v/-/wYOU_WdY,
https://divar.ir/v/-/gY8Xq_FJ,
https://divar.ir/v/-/gYpk778W,
https://divar.ir/v/-/gYtELSBr,
https://divar.ir/v/-/gY3bcWJG,
https://divar.ir/v/-/wYOgfhrt,
https://divar.ir/v/-/gY7Dz_Tw,
https://divar.ir/v/-/wYYMTJi1,
https://divar.ir/v/-/gY7HDn7t,
https://divar.ir/v/-/wYFE8ADz,
https://divar.ir/v/-/gYn2Sc3Q,
https://divar.ir/v/-/wYVc5ts4,
https://divar.ir/v/-/wYM0IVCW,
https://divar.ir/v/-/wYYMDbg8,
https://divar.ir/v/-/gY7LmMv_,
https://divar.ir/v/-/wYYMTW08,
https://divar.ir/v/-/wYXY0zAM,
https://divar.ir/v/-/gY9zvtFv,
https://divar.ir/v/-/wYYMTKBH,
https://divar.ir/v/-/QYy_CsLU,
https://divar.ir/v/-/wYYMjZaj,
https://divar.ir/v/-/gY73Ck8L,
https://divar.ir/v/-/wYYITL0F,
https://divar.ir/v/-/QY4_uvmd,
https://divar.ir/v/-/wYYMTUXc,
https://divar.ir/v/-/wYYMzaYM,
https://divar.ir/v/-/gYYKIG5g,
https://divar.ir/v/-/wYYMTD2S,
https://divar.ir/v/-/QYtocZD9,
https://divar.ir/v/-/gYAUcBKQ,
https://divar.ir/v/-/wYYEzUJO,
https://divar.ir/v/-/QYnDO62v,
https://divar.ir/v/-/wYYMjHCA,
https://divar.ir/v/-/wYYIjwdU,
https://divar.ir/v/-/wYYMzIst,
https://divar.ir/v/-/gYIO5qII,
https://divar.ir/v/-/wYYMjM2p,
https://divar.ir/v/-/wYJQunpl,
https://divar.ir/v/-/wYBM-qC1,
https://divar.ir/v/-/gY7z0FhG,
https://divar.ir/v/-/wYS0v3BQ,
https://divar.ir/v/-/QYl-u4Ku,
https://divar.ir/v/-/wYYMzG3J,
https://divar.ir/v/-/wYPgwman,
https://divar.ir/v/-/wYYIThe_,
https://divar.ir/v/-/gYMuI8-i,
https://divar.ir/v/-/gYf7HVl0,
https://divar.ir/v/-/wYLs20mm,
https://divar.ir/v/-/wYYETu6b,
https://divar.ir/v/-/wYYIj4MB,
https://divar.ir/v/-/wYYIj7mb,
https://divar.ir/v/-/gY3rTzGN,
https://divar.ir/v/-/gYPCieF5,
https://divar.ir/v/-/wYYIjbLk,
https://divar.ir/v/-/gY3Dj_bd,
https://divar.ir/v/-/wYKMxCEo,
https://divar.ir/v/-/wYP8mgCf,
https://divar.ir/v/-/wYYIjsu2,
https://divar.ir/v/-/wYYMzC8U,
https://divar.ir/v/-/wYYIDtcd,
https://divar.ir/v/-/wYN4KnX5,
https://divar.ir/v/-/wYYID2NH,
https://divar.ir/v/-/wYNY8vS5,
https://divar.ir/v/-/wYYIzxs1,
https://divar.ir/v/-/wYYIj4ju,
https://divar.ir/v/-/QY_Kx9Qa,
https://divar.ir/v/-/wYYIj1im,
https://divar.ir/v/-/wYHowAVN,
https://divar.ir/v/-/wYLMEJ3d,
https://divar.ir/v/-/wYYIj4si,
https://divar.ir/v/-/wYN46Vji,
https://divar.ir/v/-/wYLwwOre,
https://divar.ir/v/-/wYYIDzUX,
https://divar.ir/v/-/wYYIDyCW,
https://divar.ir/v/-/wYYIjjrb,
https://divar.ir/v/-/wYFAM2wg,
https://divar.ir/v/-/wYRw61cv,
https://divar.ir/v/-/gYl3CGoo,
https://divar.ir/v/-/wYOIR8DZ,
https://divar.ir/v/-/wYV89ge1,
https://divar.ir/v/-/wYNEAAkz,
https://divar.ir/v/-/gYtCepBX,
https://divar.ir/v/-/gYj6BEzn,
https://divar.ir/v/-/gYWDmvGi,
https://divar.ir/v/-/wYB0O_gu,
https://divar.ir/v/-/wYYIT2C_,
https://divar.ir/v/-/gYp-7F7q,
https://divar.ir/v/-/wYWs9GC2,
https://divar.ir/v/-/gY8XvIx3,
https://divar.ir/v/-/wYYAThY1,
https://divar.ir/v/-/wYYIzlB9,
https://divar.ir/v/-/gYgS59vy,
https://divar.ir/v/-/gY9LNp90,
https://divar.ir/v/-/gY-Pw3uc,
https://divar.ir/v/-/gYueL0jx,
https://divar.ir/v/-/gY6fy4Cv,
https://divar.ir/v/-/gY97d7Cb,
https://divar.ir/v/-/gY2vCVWR,
https://divar.ir/v/-/gY8f5rnp,
https://divar.ir/v/-/gYISoDOc,
https://divar.ir/v/-/wYBYuANP,
https://divar.ir/v/-/wYYIjLxB,
https://divar.ir/v/-/gY-bgdeP,
https://divar.ir/v/-/wYYIDlJH,
https://divar.ir/v/-/wYDwSECO,
https://divar.ir/v/-/wYD8COkc,
https://divar.ir/v/-/wYYIzjk8,
https://divar.ir/v/-/wYVwMu0h,
https://divar.ir/v/-/wYDMTuJa,
https://divar.ir/v/-/wYPkEmcN,
https://divar.ir/v/-/gY7_TOu0,
https://divar.ir/v/-/gY8fZNBn,
https://divar.ir/v/-/wYFoZ_AI,
https://divar.ir/v/-/wYXQ06JZ,
https://divar.ir/v/-/wYO0OOBs,
https://divar.ir/v/-/wYYITnWJ,
https://divar.ir/v/-/wYYIzevq,
https://divar.ir/v/-/wYXwQTF6,
https://divar.ir/v/-/wXyUuQu3,
https://divar.ir/v/-/wYYITk-o,
https://divar.ir/v/-/wYLgnECY,
https://divar.ir/v/-/wYXUzm8O,
https://divar.ir/v/-/gY8rIm1K,
https://divar.ir/v/-/gY7DUbOK,
https://divar.ir/v/-/wYT0mLXy,
https://divar.ir/v/-/wYJoayjQ,
https://divar.ir/v/-/wYEMYdV3,
https://divar.ir/v/-/gYEnSATR,
https://divar.ir/v/-/gYC6yOPp,
https://divar.ir/v/-/wYYIjctY,
https://divar.ir/v/-/wYWAe_tr,
https://divar.ir/v/-/wYV0o-g7,
https://divar.ir/v/-/wYUAERmr,
https://divar.ir/v/-/wYMovdAn,
https://divar.ir/v/-/gY6JQQqX,
https://divar.ir/v/-/wYUcTEkx,
https://divar.ir/v/-/wYWke9-y,
https://divar.ir/v/-/wYDQjRjv,
https://divar.ir/v/-/wYXU2eJX,
https://divar.ir/v/-/wYXgALnG,
https://divar.ir/v/-/gYVZTbXl,
https://divar.ir/v/-/wYPgFaBp,
https://divar.ir/v/-/wYU4T3PW,
https://divar.ir/v/-/wYYIzPuY,
https://divar.ir/v/-/wYWIC1gm,
https://divar.ir/v/-/wYVYa1nC,
https://divar.ir/v/-/gYfMhS5M,
https://divar.ir/v/-/wYUwDUmA,
https://divar.ir/v/-/wYYIjZtr,
https://divar.ir/v/-/wYYITPpG,
https://divar.ir/v/-/wYYIzLVr,
https://divar.ir/v/-/wYYIDUMT,
https://divar.ir/v/-/QYO1b-kH,
https://divar.ir/v/-/gYtQ-21h,
https://divar.ir/v/-/gYy09qMp,
https://divar.ir/v/-/gYOF6ajd,
https://divar.ir/v/-/wYVsJ2uO,
https://divar.ir/v/-/wYYITVqF,
https://divar.ir/v/-/gY9_tm9I,
https://divar.ir/v/-/wYYIzN3K,
https://divar.ir/v/-/wYYIzLGQ,
https://divar.ir/v/-/wYYIzKTi,
https://divar.ir/v/-/wYYEj-gK,
https://divar.ir/v/-/gYDXv7Hq,
https://divar.ir/v/-/gYOZbFK-,
https://divar.ir/v/-/wYYIjPHJ,
https://divar.ir/v/-/gYVlDZVb,
https://divar.ir/v/-/wYYEz9yl,
https://divar.ir/v/-/wYYoC90B,
https://divar.ir/v/-/wYYoSzY3,
https://divar.ir/v/-/gY6jUSQq,
https://divar.ir/v/-/wYY8Cp1X,
https://divar.ir/v/-/wYSM_erV,
https://divar.ir/v/-/wYYIjXGj,
https://divar.ir/v/-/gYpPfYvg,
https://divar.ir/v/-/wYYEz5Cl,
https://divar.ir/v/-/wYMUsXTQ,
https://divar.ir/v/-/wYOg_ENd,
https://divar.ir/v/-/wYYIzCzR,
https://divar.ir/v/-/gY5eTqI4,
https://divar.ir/v/-/wYYED2kq,
https://divar.ir/v/-/wYYIzI-p,
https://divar.ir/v/-/wYYoC8wh,
https://divar.ir/v/-/wYYoivXH,
https://divar.ir/v/-/wYYIzC-z,
https://divar.ir/v/-/wYNo7vSj,
https://divar.ir/v/-/wYT8lK_W,
