https://divar.ir/v/-/wYcAkWTO,??? ???? ???,???? ? ???,????? ?????,????,????? ???????,???? ? ????,????? ????,???? ? ????? ? ??,???? ????? ??? ????,? ???,??????,???????,???? ????,????,????,??????????? ?????,,
https://divar.ir/v/-/wYNoLBlB,???? LX ????,???? ? ???,????? ?????,????,????? ???????,???? ? ????,????? ????,??????? ??????,???? ????? ??? ????,? ???,??????,???????,???? ????,????,????,??????????? ?????,,
https://divar.ir/v/-/wYcQECe0,???? LX EF7 ??????,???? ? ???,????? ?????,????,????? ???????,???? ? ????,????? ????,???? ? ????? ? ??,???? ????? ??? ????,? ???,??????,???????,???? ????,????,????,??????????? ?????,,
https://divar.ir/v/-/wYcQExbr,??? 206 ??? ?,???? ? ???,????? ?????,????,????? ???????,???? ? ????,????? ????,??????? ??????,???? ????? ??? ????,?? ???,??????,???????,???? ????,????,????,??????????? ?????,,
https://divar.ir/v/-/wYcM02Oh,??????? ?????? 2000cc,???? ? ???,????? ?????,????,????? ???????,???? ? ????,????? ????,????????, ?? ? ?????,???? ????? ??? ????,?? ???,??????,???????,???? ????,????,????,??????????? ?????,
https://divar.ir/v/-/wYcMU0yU,??? 405 GLi ??????,???? ? ???,????? ?????,????,????? ???????,???? ? ????,????? ????,???? ? ????? ? ??,???? ????? ??? ????,? ???,??????,???????,???? ????,????,????,??????????? ?????,,
https://divar.ir/v/-/wYcME0Ig,??? 207i ???????,???? ? ???,????? ?????,????,????? ???????,???? ? ????,????? ????,???? ? ????? ? ??,??????,???????,???? ????,????,????,??????????? ?????,,,,
https://divar.ir/v/-/gYgml6yB,??? 405 SLX ??????,???? ? ???,????? ?????,????,????? ???????,???? ? ????,????? ????,???? ? ????? ? ??,???? ????? ??? ????,? ???,??????,???????,???? ????,????,????,??????????? ?????,,
https://divar.ir/v/-/QYjnf00Z,??? 206 ??? ?,???? ? ???,????? ????,???? ? ????? ? ??,??????,???????,????,??????????? ?????,,,,,,,,,,
https://divar.ir/v/-/wYcMkoww,??? 206 ??? ?,???? ? ???,????? ?????,????,????? ???????,???? ? ????,????? ????,???? ? ????? ? ??,???? ????? ??? ????,?? ???,??????,???????,???? ????,????,????,??????????? ?????,,
https://divar.ir/v/-/wYcM0rF9,???? ???? 2000 ?? ????? ??????,???? ? ???,????? ?????,????,????? ???????,???? ? ????,????? ????,?? ? ?? ????,???? ????? ??? ????,?? ???,??????,???????,???? ????,????,????,??????????? ?????,,
https://divar.ir/v/-/wYX8lofY,??? ???? ??? ? ???????,???? ? ???,????? ?????,????,????? ???????,???? ? ????,????? ????,???? ? ????? ? ??,???? ????? ??? ????,? ???,??????,???????,???? ????,????,????,??????????? ?????,,
https://divar.ir/v/-/gYRmLiKf,???? ????????,????????,???????? ???? ????? ????? ????,???? ? ???,????? ?????,????,????? ???????,???? ? ????,????? ????,???? ? ????? ? ??,??????,????????,???? ????,????,????,??????????? ?????,,
https://divar.ir/v/-/wYcQEyDK,???? ????,???? ? ???,????? ?????,????,????? ???????,???? ? ????,????? ????,???? ? ????? ? ??,???? ????? ??? ????,? ???,??????,???????,???? ????,????,????,??????????? ?????,,
https://divar.ir/v/-/wYcQEGpl,??? ???? ?????? ???,???? ? ???,????? ?????,????,????? ???????,???? ? ????,????? ????,???? ? ????? ? ??,???? ????? ??? ????,?? ???,??????,???????,???? ????,????,????,??????????? ?????,,
https://divar.ir/v/-/wYcQEkuE,??? ???? 90 E2 ??????,???? ? ???,????? ?????,????,????? ???????,???? ? ????,????? ????,???? ? ????? ? ??,??????,???????,???? ????,????,????,??????????? ?????,,,,
https://divar.ir/v/-/wYcMEVCy,??? 206 ??? ?,????????,????? ???? ????? ???????,???? ? ???,????? ?????,????,????? ???????,???? ? ????,????? ????,???? ? ????? ? ??,???? ????? ??? ????,?? ???,??????,???????,???? ????,????,????,??????????? ?????
https://divar.ir/v/-/wYcMkOyR,???????? X22 ??????? ????? ??????,???? ? ???,????? ?????,????,????? ???????,???? ? ????,????? ????,?? ? ?? ????,???? ????? ??? ????,? ???,??????,???????,???? ????,????,????,??????????? ?????,,
https://divar.ir/v/-/wYcQ0gY6,??? 206 ??? ?,???? ? ???,????? ?????,????,????? ???????,???? ? ????,????? ????,????????,???? ????? ??? ????,?? ???,??????,???????,???? ????,????,????,??????????? ?????,,
https://divar.ir/v/-/wYJUrGXf,??? ???? ???,???? ? ???,????? ?????,????,????? ???????,???? ? ????,????? ????,???? ? ????? ? ??,???? ????? ??? ????,? ???,??????,???????,???? ????,????,????,??????????? ?????,,
https://divar.ir/v/-/wYcMEoWY,??? 206 SD V8,???? ? ???,????? ?????,????,????? ???????,???? ? ????,????? ????,???? ? ????? ? ??,???? ????? ??? ????,?? ???,??????,???????,???? ????,????,????,??????????? ?????,,
https://divar.ir/v/-/wYcQUOmU,??? ???? ???,???? ? ???,????? ?????,????,????? ???????,???? ? ????,????? ????,???? ? ????? ? ??,???? ????? ??? ????,? ???,??????,???????,????,??????????? ?????,,,,
https://divar.ir/v/-/wYcQ0dTZ,?????? Z 24 ?????,???? ? ???,????? ???????,???? ? ????,????? ????,????????,???? ????? ??? ????,? ???,??????,???????,???? ????,???? ? ????,????,??????????? ?????,,,,
https://divar.ir/v/-/wYcMEmQ5,??? ???? ???,???? ? ???,????? ?????,????,????? ???????,???? ? ????,????? ????,???? ? ????? ? ??,???? ????? ??? ????,?? ???,??????,???????,???? ????,????,????,??????????? ?????,,
https://divar.ir/v/-/wYcIELue,???? LX ????,???? ? ???,????? ?????,????,????? ???????,???? ? ????,????? ????,??????? ??????,???? ????? ??? ????,? ???,??????,???????,???? ????,????,????,??????????? ?????,,
